"6","PR06014617","4","LSCO","30K","",""
"6","PR06014617","4","LSCO","37.7K","",""
"6","PR06014617","4","LSCO","36K","",""
"6","PR06014617","4","LSCO","27.5K","",""
"6","PR06014617","4","LSCO","20.3K","",""
"6","PR06014617","4","Hg-1201","60K","",""
"6","PR06014617","4","Hg-1201","35K","",""
"7","PR06114956","5","Bi2Sr2−zLazCuO6+δ","36 K","",""
"11","PR05003221","3","x=0.15","38 K","ambient pressure",""
"11","PR05003221","3","x=0.15","42K","∼2 GPa",""
"13","PR05713422","2","slightly overdoped HgBa 2 CuO 4+δ (Hg-1201)","93 K","",""
"13","PR05713422","2","slightly underdoped HgBa 2 Ca 2 Cu 3 O 8+δ (Hg-1223)","135 K","",""
"16","PR05713422","3","YBCO 7","92 K","","susceptibility"
"16","PR05713422","3","YBCO 6.7","66 K","","susceptibility"
"16","PR05713422","3","YBCO 6.57","56 K","","susceptibility"
"22","PR05814617","4","MgB2","29K","ambient pressure",""
"25","PR05814617","10","Y-123","92K","",""
"27","PR06103808","2","HgBa2CuO4+x","96K","None","vortex imaging and optical measurements"
"27","PR06103808","2","HgBa2CuO4+x","93K","None","ac-susceptibility measurements"
"28","PR06103808","5","HgBa 2 CuO 4+x (x=0.10","60 K","",""
"34","PR06013094","3","YBa2Cu4O8","3.4K","0",""
"35","PR05809504","0","oxygen-deficient, fluorine-free polycrystalline samples with nominal chemical formula NdFeAsO 1-y","53 K","",""
"37","PR05809504","1","LaFeAs(O 1-x F x )","26 K","",""
"37","PR05809504","1","oxygen-deficient NdFeAsO 1-y","54 K","",""
"39","PR05809504","10","1-y=0.75 and 0.70","50 K","","magnetic susceptibility"
"39","PR05809504","10","1-y=0.80","35 K","","magnetic susceptibility"
"40","PR05809504","12","MgB2","53 K","None","None"
"41","PR05809504","13","oxygen-deficient, fluorine-free NdFeAsO 1-y","53 K","",""
"46","PR06100107","12","x = 0.15","51.6 K","ambient P",""
"46","PR06100107","12","x = 0.15","51.6 K","8 GPa",""
"46","PR06100107","12","LSCO","51.6K","8 GPa",""
"47","PR06100107","19","LSCO","51.6 K","8 GPa",""
"48","PR0446999","0","Eu 1−x K x Fe 2 As 2","32 K","","specific heat"
"49","PR0446999","1","Eu 0.5 K 0.5 Fe 2 As 2","32 K","",""
"53","PR05914099","3","1212-type RuSr 2 GdCu 2 O 8","15-40","",""
"54","PR05914099","4","RuSr 2 GdCu 2 O 8","16 K","None","None"
"55","PR05914099","8","RuSr2GdCu2O8","16 K","","resistivity"
"56","PR05914099","11","RuSr 2 GdCu 2 O 8","16 K","","magnetization"
"58","PR05914099","13","RuSr2GdCu2O8","16 K","","magnetization"
"59","PR05914099","23","RuSr 2 GdCu 2 O 8","16 K","None","None"
"60","PR05914099","27","RuSr 2 GdCu 2 O 8","16 K","","magnetization"
"64","PR05907184","3","LSCO","40 K","",""
"64","PR05907184","3","LSCO","0","",""
"68","PR05907184","8","Sr x = 0.14","36 K","",""
"68","PR05907184","8","x = 0.13","32 K","",""
"68","PR05907184","8","x = 0.17","40 K","",""
"69","PR05907184","25","La 2−x Sr x CuO 4","32 K","None","None"
"70","PR06006991","3","Bi 2 Sr 2−x La x CuO 6 with x≃0.4","30 K","",""
"76","PR06006991","5","BSLCO","24","1 atmosphere of flowing oxygen",""
"76","PR06006991","5","BSLCO","30","1 atmosphere of flowing oxygen",""
"76","PR06006991","5","BSLCO","33","1 atmosphere of flowing oxygen",""
"76","PR06006991","5","BSLCO","28.5","1 atmosphere of flowing oxygen",""
"76","PR06006991","5","BSLCO","20","1 atmosphere of flowing oxygen",""
"76","PR06006991","5","BSLCO","33 K","1 atmosphere of flowing oxygen",""
"78","PR04909084","3","x > 0.22","200 mK","",""
"81","PR06114350","4","La 1.78 Sr 0.22 Cu 1-x Ni x O 4","28.7 K","None","resistivity"
"81","PR06114350","4","La 1.78 Sr 0.22 Cu 1-x Ni x O 4","21.2 K","None","resistivity"
"81","PR06114350","4","La 1.78 Sr 0.22 Cu 1-x Ni x O 4","17.4 K","None","resistivity"
"82","SST01600L7","2","La 2−x Sr x CuO 4","38 K","",""
"84","SST01600L7","7","x = 0.063","11K","","SQUID magnetometer"
"84","SST01600L7","7","x = 0.125","31K","","SQUID magnetometer"
"88","EPL0580589","4","Bi-2212","56 K","",""
"90","EPL0580589","9","overdoped Bi-2212","74 K","",""
"98","EPL0580589","19","Bi-2212","77 K","",""
"101","Tanaka_etal_2017","18","CeOBiS2","~1.3 K","","resistivity"
"102","Tanaka_etal_2017","19","Ce(O,F)BiS2","3.1 K","",""
"104","Tanaka_etal_2017","21","CeOBiS2","3.2 K","1.62 GPa",""
"107","Tanaka_etal_2017","25","CeOBiS2 crystals","3.8 K","ambient pressure",""
"108","Drozdov_etal_2015","0","sulfur hydride","203 kelvin","high pressures",""
"113","Drozdov_etal_2015","1","sulfur hydride","133 kelvin","ambient pressure",""
"113","Drozdov_etal_2015","1","sulfur hydride","164 kelvin","high pressures",""
"113","Drozdov_etal_2015","1","sulfur hydride","80 kelvin","",""
"113","Drozdov_etal_2015","1","sulfur hydride","203 kelvin","",""
"113","Drozdov_etal_2015","1","sulfur hydride","203 kelvin","",""
"114","Drozdov_etal_2015","2","MgB2","39 K","None","None"
"116","Drozdov_etal_2015","3","molecular hydrogen","100-240 K","500 GPa","calculations"
"116","Drozdov_etal_2015","3","molecular hydrogen","300-350 K","500 GPa","calculations"
"117","Drozdov_etal_2015","4","H 2 S","< 80 K","< 100 GPa",""
"119","Drozdov_etal_2015","7","MgB2","203(1) K","None","magnetic susceptibility"
"119","Drozdov_etal_2015","7","MgB2","203.5 K","None","magnetic susceptibility"
"119","Drozdov_etal_2015","7","MgB2","203(1) K","None","magnetization"
"119","Drozdov_etal_2015","7","MgB2","203.5 K","None","magnetization"
"125","Drozdov_etal_2015","9","H2S","< 80 K","","calculations"
"125","Drozdov_etal_2015","9","H2S","< 80 K","","calculations"
"125","Drozdov_etal_2015","9","H2S","<200 K","","predicted"
"125","Drozdov_etal_2015","9","H3S","< 190 K","","prediction"
"125","Drozdov_etal_2015","9","H3S","200 K","","calculated"
"125","Drozdov_etal_2015","9","H3S","190 K","",""
"129","Drozdov_etal_2015","20","sulfur hydride","170 K","145 GPa","resistance"
"129","Drozdov_etal_2015","20","sulfur hydride","250 K","None","resistance"
"129","Drozdov_etal_2015","20","sulfur hydride","195 K","None","None"
"134","Drozdov_etal_2015","23","sulfur hydride","203(1) K","155 GPa","magnetization"
"134","Drozdov_etal_2015","23","sulfur hydride","195 K","None","Resistivity"
"134","Drozdov_etal_2015","23","sulfur hydride","203 K","None","susceptibility"
"134","Drozdov_etal_2015","23","sulfur hydride","203.5 K","None","magnetization"
"137","Drozdov_etal_2015","25","sulfur hydride","< 60 K","143 GPa","resistance"
"137","Drozdov_etal_2015","25","sulfur hydride","185 K","143 GPa","resistance"
"137","Drozdov_etal_2015","25","sulfur hydride","22 K","None","resistance"
"139","L088227002","2","Sr 0.9 La 0.1 CuO 2","43 K","",""
"142","L088227002","3","1% Zn-SLCO","43 K","","Magnetization studies"
"142","L088227002","3","SLCO","43 K","","Magnetization studies"
"142","L088227002","3","1% Ni-SLCO","32 K","","Magnetization studies"
"143","L088227002","16","YBa 2 Cu 3 O 72d","92.5 6 0.5 K","",""
"147","SSC1310125","17","Na 0.22 H 0.1 CoO 2 • 0.85H 2 O","4.4 K","None","None"
"148","L093156802","2","CaC 6","11.5 K","",""
"149","L093156802","4","CaC 6","11.4 K","",""
"152","L095167004","1","AOs 2 O 6 (A = Cs, Rb, K)","7.6 K","6 GPa","resistivity"
"152","L095167004","1","AOs 2 O 6 (A = Cs, Rb, K)","8.2 K","2 GPa","resistivity"
"152","L095167004","1","AOs 2 O 6 (A = Cs, Rb, K)","10 K","0.6 GPa","resistivity"
"155","L095167004","2","AOs 2 O 6 (A = Cs, Rb, K)","3.3 K","",""
"155","L095167004","2","AOs 2 O 6 (A = Cs, Rb, K)","6.3 K","",""
"155","L095167004","2","AOs 2 O 6 (A = Cs, Rb, K)","9.6 K","",""
"156","L095167004","5","Cd 2 Re 2 O 7","1 K","",""
"160","L095167004","8","CsOs 2 O 6","3.3 K","AP","None"
"160","L095167004","8","CsOs 2 O 6","5.0 K","2 GPa","None"
"160","L095167004","8","CsOs 2 O 6","7.6 K","6 GPa","None"
"160","L095167004","8","CsOs 2 O 6","3.7 K","10 GPa","None"
"165","L095167004","9","RbOs 2 O 6","8.2 K","2 GPa","resistivity"
"165","L095167004","9","KOs 2 O 6","9.6 K","AP","resistivity"
"165","L095167004","9","KOs 2 O 6","8.2 K","2.0 GPa","resistivity"
"165","L095167004","9","KOs 2 O 6","5.7 K","4.0 GPa","resistivity"
"168","L095167004","21","AOs 2 O 6 (A = Cs, Rb, K)","6.3 K","ambient pressure",""
"168","L095167004","21","AOs 2 O 6 (A = Cs, Rb, K)","9.6 K","ambient pressure",""
"169","L094047001","5","CeCoIn 5","2.3 K","",""
"170","L094037007","1","CeIrIn5","0.8 K","2.1 GPa",""
"173","L094037007","2","CeIrIn 5","0.4 K","0","None"
"173","L094037007","2","CeCoIn 5","2.3 K","0","None"
"173","L094037007","2","CeRhIn 5","2 K","1.GPa","None"
"176","L094037007","6","CeIrIn 5","0.4 K","0 GPa",""
"177","L094037007","14","CeIrIn 5","0.8 K","2.1 GPa",""
"178","L093157004","1","RbOs 2 O 6","6.3 K","0","magnetization"
"182","L093157004","2","KOs 2 O 6","9.6 K","",""
"182","L093157004","2","CdRe 2 O 7","1 K","",""
"182","L093157004","2","RbOs 2 O 6","6.3 K","",""
"182","L093157004","2","CsOs 2 O 6","3.3 K","",""
"185","Li_2018_Supercond._Sci._Technol._31_085001","4","Zr 5 Sb 3","∼2.3 K","",""
"186","Li_2018_Supercond._Sci._Technol._31_085001","9","Zr 5 Ge 2.5 Pt 0.5","2.8 K","","electrical resistivity"
"187","Li_2018_Supercond._Sci._Technol._31_085001","10","Zr 5 Pt 3","7.2 K","",""
"189","Li_2018_Supercond._Sci._Technol._31_085001","12","Zr 5 Ge 2.8 Pt 0.2","2.6 K","","resistivity"
"189","Li_2018_Supercond._Sci._Technol._31_085001","12","Zr 5 Ge 2 Pt","3.5 K","","resistivity"
"191","Li_2018_Supercond._Sci._Technol._31_085001","13","Zr 5 Ge 2.5 Pt 0.5","below 2.8 K","None","magnetic susceptibility"
"191","Li_2018_Supercond._Sci._Technol._31_085001","13","Zr 5 Ge 2.5 Pt 0.5","2 K","None","magnetic susceptibility"
"192","Li_2018_Supercond._Sci._Technol._31_085001","14","Zr 5 Pt 3","7.2 K","",""
"193","Li_2018_Supercond._Sci._Technol._31_085001","15","Zr 5 Sb 3","2.3 K","None","None"
"195","Li_2018_Supercond._Sci._Technol._31_085001","18","Zr 5 Ge 2.5 Pt 0.5","∼2.8 K","",""
"196","SSC1280097","1","x = 0.5 (La-2125 stoichiometry)","58 K","",""
"197","SSC1280097","4","x = 0.5","78 K","",""
"198","SSC1280097","13","La-2125","78K","None","None"
"200","EPL0410207","4","Ba 1−x K x BiO 3","23 K","",""
"200","EPL0410207","4","Ba 1−x K x BiO 3","23 K","",""
"202","L094047006","1","x=0.40","32 K","None","None"
"204","L094047006","6","Bi2Sr2−xLaxCuO6+δ","8 K","",""
"204","L094047006","6","Bi2Sr2−xLaxCuO6+δ","32 K","",""
"206","L094047006","15","Bi 2 Sr 2−x La x CuO 6+δ","8 ∼32 K","",""
"211","L094127001","7","Sr 0.9 La 0.1 CuO 2 (SLCO)","43 K","","Magnetiza- tion"
"212","SSC1270493","1","CoSr2(Y1-xCax)Cu2O7+δ (Co-1212)","∼40 K","",""
"216","SSC1270493","4","Ga-1212","∼70 K","",""
"216","SSC1270493","4","Al-1212","18 ∼ 30 K","",""
"216","SSC1270493","4","Co-1212","∼30 K","",""
"216","SSC1270493","4","CoSr 2 YCu 2 O 7+δ","up to 40 K","",""
"217","SSC1270493","12","x = 0.3","up to 40 K","","diamagnetic signal"
"220","SSC1270493","16","x = 0.3","∼40 K","",""
"222","PhysRevX.8.041024","6","Cu x Bi 2 Se 3 (x ¼ 0.31) single crystals","3 K","","Magnetic susceptibility"
"224","EPJ0290369","11","La 1.94 Sr 0.06 CuO 4","2.4 K","",""
"224","EPJ0290369","11","La 1.94 Sr 0.06 CuO 4","2.4 K","",""
"227","EPJ0290369","13","La 1.9 Sr 0.1 CuO 4","17.5 K","",""
"227","EPJ0290369","13","La 1.9 Sr 0.1 CuO 4","17.5 K","",""
"227","EPJ0290369","13","La 1.9 Sr 0.1 CuO 4","17.5 K","",""
"228","EPJ0290369","14","La 1.8 Sr 0.2 CuO 4","22.8 K","",""
"230","EPJ0290369","16","La 1.75 Sr 0.25 CuO 4","15.6 K","",""
"230","EPJ0290369","16","La 1.75 Sr 0.25 CuO 4","15.6 K","",""
"232","EPJ0290369","22","La 2-x Sr x CuO 4 samples with x = 0.05 and 0.055","17.5 K","",""
"236","EPJ0290369","24","La 1.8 Sr 0.2 CuO 4","22.8 K","",""
"236","EPJ0290369","24","La 1.75 Sr 0.25 CuO 4","15.6 K","",""
"236","EPJ0290369","24","La 1.73 Sr 0.27 CuO 4","9.2 K","",""
"239","EPJ0290369","34","La 1.9 Sr 0.1 CuO 4","17.5 K","",""
"241","EPJ0290369","38","La 1.94 Sr 0.06 CuO 4","2.4 K","",""
"241","EPJ0290369","38","La 1.9 Sr 0.1 CuO 4","17.5 K","",""
"243","APL0774202","12","YBCO crystals","93 K","",""
"243","APL0774202","12","BSCCO","89.5K","",""
"248","L088207003","4","Pr 2 CuO 4","23.7 ± 0.5 K","","resistivities"
"251","Liu_2018_Supercond._Sci._Technol._31_125011","4","SnSb","2.48 K","None","None"
"251","Liu_2018_Supercond._Sci._Technol._31_125011","4","SnSb","1.50 K","None","magnetic susceptibility, specific heat"
"253","Liu_2018_Supercond._Sci._Technol._31_125011","10","SnSb","∼1.6 K","",""
"256","Liu_2018_Supercond._Sci._Technol._31_125011","18","SnSb","below 1.50 K","",""
"256","Liu_2018_Supercond._Sci._Technol._31_125011","18","SnSb","2.48 K","","resistivity"
"258","L095117006","2","2H-NbSe2","7.1 K","",""
"260","1609.04957","1","LaFeAsO1−xHx","exceeds 45K","3.0 GPa",""
"260","1609.04957","1","LaFeAsO1−xHx","exceeds 45K","3.0 GPa",""
"262","1609.04957","4","LaFeAsO 1−x F x","up to 40 K","3.0 GPa",""
"263","1609.04957","7","MgB2","29K","ambient pressure",""
"264","1609.04957","8","K y Fe 2−x Se 2","30 K","None","None"
"265","1609.04957","14","LaFeAsO 1−x H x","48 K","applying pressure",""
"265","1609.04957","14","LaFeAsO 1−x H x","48 K","without the influence of AF fluctuations",""
"265","1609.04957","14","LaFeAsO 1−x H x","48 K","near the second AF-phase boundary",""
"265","1609.04957","14","LaFeAsO 1−x H x","48 K","without depending on the magnitude of AF fluctuations",""
"265","1609.04957","14","LaFeAsO 1−x H x","48 K","the superconductivity has no direct connection with AF fluctuations",""
"265","1609.04957","14","LaFeAsO 1−x H x","48 K","the increase in Tc up to 48 K originates from an enhancement of the DOS just above Tc",""
"267","1903.04321","2","PdTe 2","below 1.7 K","",""
"268","1903.04321","3","Cu-intercalated PdTe 2 with 4% Cu","2.6 K","",""
"270","L092157004","8","MgB2","29K","ambient pressure","specific heat"
"275","Carnicom_2018_Supercond._Sci._Technol._31_115005","3","MgB2","39 K","",""
"275","Carnicom_2018_Supercond._Sci._Technol._31_115005","3","(Mo 0.96 Zr 0.04 ) 0.85 B 2","8.2 K","",""
"275","Carnicom_2018_Supercond._Sci._Technol._31_115005","3","NbB2","5.2 K","",""
"276","Carnicom_2018_Supercond._Sci._Technol._31_115005","5","WB 4.2","2 K","",""
"277","Carnicom_2018_Supercond._Sci._Technol._31_115005","12","WB 4.2","2.05 K","",""
"279","Carnicom_2018_Supercond._Sci._Technol._31_115005","13","WB 4.2","2.1 K","None","resistivity"
"279","Carnicom_2018_Supercond._Sci._Technol._31_115005","13","WB 4.2","above 2 K","None","resistivity"
"280","Carnicom_2018_Supercond._Sci._Technol._31_115005","16","WB 4.2","2.05 K","",""
"283","Carnicom_2018_Supercond._Sci._Technol._31_115005","17","WB 4.2","2 K","","magnetic suscept- ibility"
"283","Carnicom_2018_Supercond._Sci._Technol._31_115005","17","WB 4.2","2 K","","electrical resistivity"
"283","Carnicom_2018_Supercond._Sci._Technol._31_115005","17","WB 4.2","2 K","","specific heat"
"286","JPS081033701","4","BaFe2(As0.80P0.20)2","x = 0.20","None","None"
"286","JPS081033701","4","BaFe2(As0.75P0.25)2","x = 0.25","None","None"
"286","JPS081033701","4","BaFe2(As0.75P0.25)2","x = 0.25","None","None"
"286","JPS081033701","4","x = 0.20","13 K","2 GPa","suscep- tibility"
"286","JPS081033701","4","x = 0.25","30 K","None","suscep- tibility"
"286","JPS081033701","4","x = 0.25","14 K","None","suscep- tibility"
"288","JPS081033701","9","x = 0.25","13 K","2 GPa",""
"290","L089147002","3","Cd 2 Re 2 O 7","1 K","",""
"290","L089147002","3","Cd 2 Re 2 O 7","1 K","",""
"299","JPS081113707","2","FeSe","13K","None","None"
"299","JPS081113707","2","FeSe","37K","4-6 GPa","high pressure"
"299","JPS081113707","2","K 0.8 Fe 2 Se 2","above 30 K","None","None"
"299","JPS081113707","2","(LiNH 2 ) x Fe 2 Se 2","43 K","None","None"
"299","JPS081113707","2","FeSe monolayer synthesized by MBE method","53 K","None","MBE method"
"301","Suzuki_etal_2015","1","EuFBiS2","8.6 K","1.8 GPa","electrical resistivity"
"306","Suzuki_etal_2015","9","EuFBiS 2","8.6 K","1.8 GPa","electrical resistivity"
"308","SST0180041","1","Pr 1−x Ca x Ba 2 Cu 3 O 7−δ (x ≈0.5) thin films","37K","",""
"308","SST0180041","1","Pr 1−x Ca x Ba 2 Cu 3 O 7−δ (x ≈0.5) thin films","35.6K","",""
"315","xing2014theAnomaly","8","undoped LiFeAs crystal","∼17 K","",""
"315","xing2014theAnomaly","8","LiFeAs crystal","∼ 16 K","",""
"316","xing2014theAnomaly","9","Li(Fe 1−x Cu x )As","∼3 K","",""
"317","kotegawa2008abrupt","0","SrFe 2 As 2","34 K","","Resistivity"
"319","kotegawa2008abrupt","3","F-doped system LaFeAsO 1−x F x (ZrCuSiAs-type struc- ture)","26 K","",""
"320","kotegawa2008abrupt","4","SrFe2As2","10 K","8 GPa","resistivity"
"321","kotegawa2008abrupt","5","single-crystalline samples of SrFe2As2","34 K","3.5 GPa","resistivity"
"324","kotegawa2008abrupt","8","SrFe2As2","34.1 K","3.77 GPa","resistance"
"324","kotegawa2008abrupt","8","(Ba 0.6 K 0.4 )Fe 2 As 2 and (K 0.4 Sr 0.6 )Fe 2 As 2","37 − 38 K","None","None"
"324","kotegawa2008abrupt","8","SrFe2As2","30 K","None","None"
"324","kotegawa2008abrupt","8","SrFe2As2","27 K","4.15 GPa","None"
"329","kotegawa2008abrupt","14","SrFe 2 As 2","34.1 K","3.6 − 3.7 GPa","resistivity"
"329","kotegawa2008abrupt","14","doped systems","37 − 38 K","",""
"330","kotegawa2008abrupt","15","SrFe 2 As 2","34.1 K","3.77 GPa",""
"332","yamaguchi2014ac","1","LiFeAs","17 K","0 GPa",""
"332","yamaguchi2014ac","1","LiFeAs","10 K","5.2 GPa",""
"334","yamaguchi2014ac","5","MgB2","29K","ambient pressure",""
"338","yamaguchi2014ac","10","LiFeAs","17.1 K","0 GPa","AC magnetic susceptibility"
"338","yamaguchi2014ac","10","LiFeAs","13.2 K","4.3 GPa","AC magnetic susceptibility"
"338","yamaguchi2014ac","10","LiFeAs","16.8 K","0 GPa","AC magnetic susceptibility"
"338","yamaguchi2014ac","10","LiFeAs","10 K","5.2 GPa","AC magnetic susceptibility"
"342","sun2012re-emerging","1","Tl 0.6 Rb 0.4 Fe 1.67 Se 2","48.0-48.7 K","11.5 GPa",""
"342","sun2012re-emerging","1","K 0.8 Fe 1.7 Se 2","48.0-48.7 K","11.5 GPa",""
"342","sun2012re-emerging","1","K 0.8 Fe 1.78 Se 2","48.0-48.7 K","11.5 GPa",""
"344","sun2012re-emerging","3","Tl 0.6 Rb 0.4 Fe 1.67 Se 2 single crystals","33 K","1.6 GPa","resistance"
"344","sun2012re-emerging","3","Tl 0.6 Rb 0.4 Fe 1.67 Se 2 single crystals","48.0 K","12.4 GPa","resistance"
"347","sun2012re-emerging","6","K 0.8 Fe 1.7 Se 2","32 K","0.8-1.6 GPa",""
"347","sun2012re-emerging","6","K 0.8 Fe 1.7 Se 2","48.7 K","12.5 GPa",""
"349","sun2012re-emerging","7","K 0.8 Fe 1.7 Se 2","48.7 K","",""
"349","sun2012re-emerging","7","Tl 0.6 Rb 0.4 Fe 1.67 Se 2","48.0 K","",""
"350","sun2012re-emerging","11","K 0.8 Fe 1.7 Se 2","48.7 K","12.5 GPa",""
"351","sun2012re-emerging","15","Tl 0.6 Rb 0.4 Fe 1.67 Se 2","48 K","None","None"
"352","sun2012re-emerging","17","K 0.8 Fe 1.7 Se 2","48.7 K","12.5 GPa","resistance"
"355","piva2015combined","1","pure BaFe 2 As 2","4.2 K","",""
"355","piva2015combined","1","x = 0.02","30 K","",""
"357","piva2015combined","3","RFeAsO (R = La − Gd)","as high as 56 K","",""
"357","piva2015combined","3","AFe 2 As 2 (A = Ba, Sr, Ca, Eu)","as high as 56 K","",""
"359","piva2015combined","4","BaFe 2−x Cu x As 2","5 K","",""
"359","piva2015combined","4","Co-substituted","26 K","",""
"361","piva2015combined","5","Cu-substituted BaFe2As2 single crystals","8 K","P 10 GPa",""
"361","piva2015combined","5","Cu-substituted BaFe2As2 single crystals","30 K","None",""
"365","piva2015combined","10","BaFe 2−x Cu x As 2","29 K","2.8 GPa",""
"365","piva2015combined","10","BaFe 2−x Cu x As 2","29 K","3.4 GPa",""
"365","piva2015combined","10","BaFe 2−x Cu x As 2","29 K","4.0 GPa",""
"365","piva2015combined","10","BaFe 2−x Cu x As 2","31 K","4.0 GPa",""
"367","piva2015combined","12","BaFe2−xCuxAs2","8 K","P < 2.0 GPa",""
"367","piva2015combined","12","BaFe2−xCuxAs2","30 K","P > 2.0 GPa",""
"369","wang2011effect","3","LaO 1−x F x FeAs","26 K","",""
"369","wang2011effect","3","LaO 1−x F x FeAs","up to 43 K","",""
"370","wang2011effect","8","NaFeAs","31 K","3 GPa",""
"371","wang2011effect","11","NaFeAs","31 K","3 GPa",""
"375","kotegawa2009contrasting","1","Sr2VFeAsO3","36.4 K","ambient pressure",""
"375","kotegawa2009contrasting","1","Sr2VFeAsO3","46.0 K","4 GPa",""
"375","kotegawa2009contrasting","1","Sr2ScFePO3","∼ 16 K","ambient pressure",""
"375","kotegawa2009contrasting","1","Sr2ScFePO3","5 K","4 GPa",""
"376","kotegawa2009contrasting","3","FeSe","8 K","ambient pressure",""
"378","kotegawa2009contrasting","5","Sr 2 ScFePO 3","17 K","",""
"378","kotegawa2009contrasting","5","Sr 2 VFeAsO 3","37 K","",""
"380","kotegawa2009contrasting","10","Sr 2 ScFePO 3","15.6 K","ambient pressure","resistance"
"380","kotegawa2009contrasting","10","Sr 2 ScFePO 3","8.4 K","ambient pressure","resistance"
"387","ivanovskii2008newHigh","1","fluorine-doped oxyarsenide LaO 1-x F x FeAs","26 K","",""
"389","ivanovskii2008newHigh","5","LaO 1Àx F x FeAs","26 K","",""
"392","ivanovskii2008newHigh","6","fluorine-doped samarium oxyarsenide SmO 1Àx F x FeAs","56 K","",""
"392","ivanovskii2008newHigh","6","NdO 1Àx FeAs","51 K","",""
"392","ivanovskii2008newHigh","6","SmO 1Àx FeAs","55 K","",""
"396","ivanovskii2008newHigh","8","Ba 1Àx K x Fe 2 As 2","37 ± 38 K","",""
"396","ivanovskii2008newHigh","8","Sr 1Àx Cs x Fe 2 As 2","37 ± 38 K","",""
"396","ivanovskii2008newHigh","8","LiFeAs","18 K","",""
"396","ivanovskii2008newHigh","8","Li 0:6 FeAs","18 K","",""
"397","ivanovskii2008newHigh","14","NdO 1Àx F x FeAs","50À51 K","",""
"398","ivanovskii2008newHigh","18","SmO 0:7 F 0:3 FeAs","54.6-K","",""
"399","ivanovskii2008newHigh","19","LaO 1Àx F x FeAs","close to 24 K","","resistance"
"403","ivanovskii2008newHigh","45","LaOFeP","6 K","",""
"403","ivanovskii2008newHigh","45","LaONiP","6 K","",""
"403","ivanovskii2008newHigh","45","LaFe 4 P 12","4:1 K","",""
"403","ivanovskii2008newHigh","45","lanthanum","6:9 K","",""
"410","ivanovskii2008newHigh","47","LaOFeAs","26 K","",""
"410","ivanovskii2008newHigh","47","LaO 1Àx F x FeAs (x 0:12À0:15)","26 K","",""
"410","ivanovskii2008newHigh","47","GdO 1Àx F x FeAs","37 K","",""
"410","ivanovskii2008newHigh","47","TbO 1Àx F x FeAs","46 K","",""
"410","ivanovskii2008newHigh","47","DyO 1Àx F x FeAs","45 K","",""
"412","ivanovskii2008newHigh","48","Gd 1Àx Th x OFeAs","55 K","",""
"412","ivanovskii2008newHigh","48","Tb 1Àx Th x OFeAs","52 K","",""
"415","ivanovskii2008newHigh","50","La 0:85 Sr 0:15 O 0:87 FeAs","8 K","",""
"415","ivanovskii2008newHigh","50","LaO 1Àx F x FeAs","26 K","",""
"415","ivanovskii2008newHigh","50","LaO 0:9 F 0:1 FeAs 1Àx","26À28 K","",""
"419","ivanovskii2008newHigh","56","CeO 0:88 F 0:12 FeAs","47 K","P 19 GPa",""
"419","ivanovskii2008newHigh","56","CeO 0:88 F 0:12 FeAs","4.5 K","P 19 GPa",""
"420","ivanovskii2008newHigh","57","SmO 0:85 F 0:15 FeAs","25.6 K","1 GPa",""
"421","ivanovskii2008newHigh","59","LaO 0:89 F 0:11 FeAs","26 K","",""
"427","ivanovskii2008newHigh","77","LaOFeP","7 K","",""
"431","ivanovskii2008newHigh","97","LaOFeAs","0:8 K","","Eliashberg equation"
"431","ivanovskii2008newHigh","97","LaOFeAs","0:8 K","","Eliashberg equation"
"431","ivanovskii2008newHigh","97","LaOFeAs","26 K","","experimental"
"433","ivanovskii2008newHigh","102","LaONiP","3:0 ± 4:2 K","","estimated in the Eliashberg model"
"433","ivanovskii2008newHigh","102","LaONiP","26 K","","estimated in the Eliashberg model"
"439","ivanovskii2008newHigh","129","potassium-doped arsenide Ba 1Àx K x Fe 2 As 2","38 K","",""
"439","ivanovskii2008newHigh","129","Ba 0:6 K 0:4 Fe 2 As 2","38 K","",""
"439","ivanovskii2008newHigh","129","LaIr 2 Ge 2","5 K","",""
"439","ivanovskii2008newHigh","129","LaRu 2 P 2","5 K","",""
"439","ivanovskii2008newHigh","129","YIr 2Àx Si 2x","5 K","",""
"439","ivanovskii2008newHigh","129","BaNi 2 P 2","5 K","",""
"441","ivanovskii2008newHigh","140","Ba 0:6 K 0:4 Fe 2 As 2","38 K","",""
"441","ivanovskii2008newHigh","140","Sr 1Àx K; Cs x Fe 2 As 2","37À38 K","",""
"447","ivanovskii2008newHigh","155","cobalt-doped LaOFeAs","14 K","",""
"447","ivanovskii2008newHigh","155","LaOFe 0:89 Co 0:11 As","14 K","",""
"447","ivanovskii2008newHigh","155","LiFeAs","18 K","",""
"447","ivanovskii2008newHigh","155","Li 0:6 FeAs","18 K","",""
"453","ivanovskii2008newHigh","159","HoO 1Àd FeAs","50:5 K","",""
"453","ivanovskii2008newHigh","159","YO 1Àd FeAs","46:5 K","",""
"453","ivanovskii2008newHigh","159","DyO 1Àd FeAs","52:2 K","",""
"453","ivanovskii2008newHigh","159","TbO 1Àd FeAs","48:5 K","",""
"453","ivanovskii2008newHigh","159","GdONiBi","4:5 K","",""
"453","ivanovskii2008newHigh","159","Gd 0:9 Sr 0:1 ONiBi","4:7 K","",""
"463","ivanovskii2008newHigh","163","FeSe 1Àx (x $ 0:12)","8 K","",""
"463","ivanovskii2008newHigh","163","FeSe 1Àx","14 K","",""
"463","ivanovskii2008newHigh","163","FeSe 1Àx Te x 0:82","14 K","",""
"466","ivanovskii2008newHigh","164","CaFe2As2","12 K","",""
"466","ivanovskii2008newHigh","164","CaFe2As2","12 K","",""
"466","ivanovskii2008newHigh","164","BaFe2As2","29 K","",""
"467","ivanovskii2008newHigh","168","SmO 0:7 F 0:3 FeAs","54:6 K","",""
"470","ying2011pressure","2","FeSe","37 K","4.5 GPa",""
"470","ying2011pressure","2","FeSe","8 K","ambient pressure",""
"470","ying2011pressure","2","Fe-Se","30 K","None",""
"473","ying2011pressure","3","K x Fe 2 Se 2 crystal","32.6 K","None","None"
"473","ying2011pressure","3","K x Fe 2 Se 2","32.7 K","0.48 GPa","None"
"473","ying2011pressure","3","K x Fe 2 Se 2","31.1 K","None","None"
"476","ying2011pressure","4","Cs x Fe 2 Se 2","30 K","",""
"476","ying2011pressure","4","K 0.85 Fe 2 Se 1.80","32.6 K","",""
"476","ying2011pressure","4","K 0.86 Fe 2 Se 1.82","31.1 K","",""
"478","ying2011pressure","5","K x Fe 2 Se 2 -1","32.6 K","ambient pressure","None"
"478","ying2011pressure","5","K x Fe 2 Se 2 -2","31.1 K","None","None"
"481","ying2011pressure","9","Cs x Fe 2 Se 2","29.8 K","1.64 GPa",""
"483","ying2011pressure","10","K x Fe 2 Se 2","32.7 K","0.48 GPa",""
"485","okada2008supercondctivity","1","LaFeAsO","21 K","12 GPa","Electrical resistivity"
"488","okada2008supercondctivity","3","LaFeAsO 1-x F x","26 K","",""
"488","okada2008supercondctivity","3","LaFeAsO 0.89 F 0.11","43 K","4 GPa",""
"488","okada2008supercondctivity","3","RFeAsO (R = rare earth) having smaller R atom than La atom","over 50 K","",""
"489","okada2008supercondctivity","4","LaFeAsO","21 K","high pressures up to 29 GPa","electrical resistivity"
"493","okada2008supercondctivity","7","MgB2","29 K","ambient pressure",""
"494","okada2008supercondctivity","8","F -substitution of 5 at%","24 K","",""
"498","okada2008supercondctivity","9","LaFeAsO 0.95 F 0.05","29 K","high pressure",""
"498","okada2008supercondctivity","9","LaFeAsO 0.89 F 0.11","43 K","high pressure",""
"498","okada2008supercondctivity","9","LaFeAsO 0.86 F 0.14","43 K","high pressure",""
"498","okada2008supercondctivity","9","""over-doped"" LaFeAsO 0.86 F 0.14","43 K","high pressure",""
"499","okada2008supercondctivity","10","LaFeAsO","21 K","12 GPa","electrical resistivity"
"508","hott2013review","4","tin","3.7 K","",""
"508","hott2013review","4","thallium","2.4 K","",""
"508","hott2013review","4","indium","3.4 K","",""
"508","hott2013review","4","tantalum","4.2 K","",""
"508","hott2013review","4","thorium","1.4 K","",""
"508","hott2013review","4","titanium","0.4 K","",""
"508","hott2013review","4","vanadium","5.3 K","",""
"508","hott2013review","4","niobium","9.2 K","",""
"509","hott2013review","7","NbTi","9.2 K","",""
"511","hott2013review","11","C 60 introduced by doping and intercalation of alkali-metal atoms","up to 33 K","normal pressure",""
"516","hott2013review","12","MgB2","40 K","None","None"
"516","hott2013review","12","LaFePO","5 K","None","None"
"516","hott2013review","12","LaFeAsO","26 K","None","None"
"516","hott2013review","12","FeSe","8 K","None","None"
"516","hott2013review","12","FeSe monolayer on a SrTiO 3 substrate","up to 109 K","None","None"
"519","hott2013review","13","hydrogen sulfide","203 K","~100 GPa",""
"519","hott2013review","13","phosphorous-hydride","100 K","~100 GPa",""
"524","hott2013review","22","Pr-123","80 K","normal pressure",""
"524","hott2013review","22","Pr-123","105 K","9.3 GPa",""
"526","hott2013review","26","Tl-2201","90 K","",""
"526","hott2013review","26","Hg-1201","90 K","",""
"529","hott2013review","41","BaPb 1-x Bi x O 3","13 K","",""
"529","hott2013review","41","Ba 1-x K x BiO 3 (""BKBO""; x ~ 0.35)","> 30 K","",""
"530","hott2013review","42","Sr 2 RuO 4","1.5 K","",""
"531","hott2013review","43","Ru-1212","72 K","",""
"532","hott2013review","44","hydrated sodium cobaltate Na 0.3 CoO 2 •1.4 H 2 O","4.5 K","",""
"535","hott2013review","45","AOs 2 O 6 with A = K, Rb, Cs","9.6 K","",""
"535","hott2013review","45","AOs 2 O 6 with A = K, Rb, Cs","6.3 K","",""
"535","hott2013review","45","AOs 2 O 6 with A = K, Rb, Cs","3.3 K","",""
"537","hott2013review","46","BaTi 2 Sb 2 O","1 K","",""
"537","hott2013review","46","Ba 1−x Na x Ti 2 Sb 2 O","5.5 K","",""
"539","hott2013review","48","LaFeAsO","26 K","",""
"539","hott2013review","48","Gd 0.8 Th 0.2 FeAsO","56 K","",""
"541","hott2013review","49","BaFe 2-x Co x As 2","24 K","",""
"544","hott2013review","52","SnMo 6 S 8","11.8 K","",""
"544","hott2013review","52","PbMo 6 S 8","12.6 K","",""
"544","hott2013review","52","Gd 0.2 PbMo 6 S 8","14.3 K","",""
"551","hott2013review","54","2H-NbSe 2","7 K","",""
"551","hott2013review","54","2H-TaS 2","4 K","",""
"551","hott2013review","54","1T-TiSe 2","4.15 K","","Cu-doping"
"551","hott2013review","54","2H-MoS 2","up to 10.8 K","","electric-field effect"
"551","hott2013review","54","2H-MoSe 2","up to ~ 7 K","","electric-field effect"
"551","hott2013review","54","2H-WS 2","up to ~ 7 K","","electric-field effect"
"557","hott2013review","75","CeCu 2 Si 2","1.5 K","ambient pressure",""
"557","hott2013review","75","CeCoIn 5","2.3 K","ambient pressure",""
"557","hott2013review","75","CePt 3 Si","0.75 K","",""
"557","hott2013review","75","β-YbAl 4 B","80 mK","",""
"561","hott2013review","79","UPt 3","less than 1 K","",""
"561","hott2013review","79","UPt 3","530 mK","","specific heat"
"561","hott2013review","79","UPt 3","480 mK","","specific heat"
"561","hott2013review","79","UPd 2 Al 3","1.8 K","",""
"562","hott2013review","81","URu 2 Si 2","1.2 K","None","None"
"564","hott2013review","83","UBe 13","~ 0.9 K","",""
"564","hott2013review","83","UBe 13","~ 0.75 K","",""
"567","hott2013review","84","PuCoGa 5","18.5 K","ambient pressure",""
"567","hott2013review","84","PuRhGa 5","8.7 K","ambient pressure",""
"567","hott2013review","84","NpPd 5 Al 2","4.9 K","ambient pressure",""
"568","hott2013review","85","PrOs 4 Sb 12","1.85 K","",""
"572","hott2013review","86","Pr(Os 1-x Ru x )Sb 12","0.75 K","",""
"572","hott2013review","86","PrRu 4 Os 12","1 K","",""
"572","hott2013review","86","PrOs 4 Sb 12","1.85 K","",""
"572","hott2013review","86","PrOs 4 Sb 12","1.75 K","",""
"573","hott2013review","88","NbN","16 K","",""
"580","hott2013review","90","NbC","12 K","",""
"580","hott2013review","90","MoC","14.3 K","",""
"580","hott2013review","90","(TMTSF)PF 6","below 0.9 K","12 kbar",""
"580","hott2013review","90","C 60","~ 30 K","",""
"583","hott2013review","92","(BEDT-TTF) 2 Cu[N(CN) 2 ]Br","11.2 K","",""
"583","hott2013review","92","(BEDT-TTF) 2 Cu(NCS) 2","10.4 K","",""
"598","hott2013review","94","diamond","up to 4 K","",""
"598","hott2013review","94","diamond","up to 11.4 K","",""
"598","hott2013review","94","silicon carbide","up to 1.4 K","",""
"598","hott2013review","94","silicon thin films","up to 0.7 K","",""
"598","hott2013review","94","yttrium carbide compounds","as high as 18 K","",""
"598","hott2013review","94","KC 8 (graphite intercalation compound)","0.14 K","",""
"598","hott2013review","94","KHgC 8 (graphite intercalation compound)","1.4 K","",""
"598","hott2013review","94","KTl 1.5 C 4 (graphite intercalation compound)","2.7 K","",""
"598","hott2013review","94","YbC 6, CaC 6, Li 3 Ca 2 C 6 (graphite intercalation compounds)","YbC 6 (T c = 6.5 K), CaC 6 (T c = 11.5 K), Li 3 Ca 2 C 6 (T c = 11.15 K)","",""
"598","hott2013review","94","graphene (atomic monolayer modification of graphite)","up to T c ~ 6 K","",""
"598","hott2013review","94","Rb 3 C 60, Cs 3 C 60 (fullerides)","Rb 3 C 60 (T c = 29.5 K), Cs 3 C 60 (T c = 40 K)","",""
"600","hott2013review","95","alkali-doped picene and dibenzopentacen","18 K","",""
"600","hott2013review","95","alkali-doped picene and dibenzopentacen","33 K","",""
"601","hott2013review","96","double- wall carbon natotubes (DWNT)","6.8 K","","resistitively"
"603","hott2013review","102","YNi 2 B 2 C","16.5 K","",""
"603","hott2013review","102","LuNi 2 B 2 C","15.5 K","",""
"604","hott2013review","105","MgB2","~ 40 K","",""
"608","chu2009high","4","HgBa 2 Ca 2 Cu 3 O 9+δ (Hg1223)","164 K","30 GPa",""
"608","chu2009high","4","HgBa 2 Ca 2 Cu 3 O 9+δ (Hg1223)","134 K","30 GPa",""
"610","chu2009high","5","electron-doped LaOFeAs (La1111)","26 K","",""
"610","chu2009high","5","011","9-14 K","",""
"612","chu2009high","6","electron-doped LaOFeAs","26 K","",""
"612","chu2009high","6","electron-doped La1111","55 K","",""
"613","chu2009high","7","R1111","50 K","2 GPa",""
"614","chu2009high","12","Fe-pnictide","8 K","",""
"618","chu2009high","14","electron doped La(O 1-x F x )FeAs","26 K","ambient pressure","resistively"
"618","chu2009high","14","polycrystalline optimally doped La(O 1-x F x )FeAs with nominal x = 0.11","26.3 K","ambient pressure","resistively"
"618","chu2009high","14","polycrystalline optimally doped La(O 1-x F x )FeAs with nominal x = 0.11","23 K","ambient pressure","magnetically"
"622","chu2009high","16","Sm(O 1-x F x )FeAs","43 K","up to 1.7 GPa",""
"622","chu2009high","16","Sm(O 1-x F x )FeAs","< 1.2 K","ambient pressure",""
"622","chu2009high","16","Sm(O 1-x F x )FeAs","24.7 K","ambient pressure",""
"622","chu2009high","16","Sm(O 1-x F x )FeAs","43.6 K","ambient pressure",""
"629","chu2009high","18","La(O 1-x F x )FeAs","28 K","ambient",""
"629","chu2009high","18","La(O 1-x F x )FeAs","9 K","ambient",""
"629","chu2009high","18","La(O 1-x F x )FeAs","28 K","up to 3 GPa",""
"629","chu2009high","18","La(O 1-x F x )FeAs","43 K","up to 3 GPa",""
"629","chu2009high","18","La(O 1-x F x )FeAs","9 K","30 GPa",""
"629","chu2009high","18","La(O 1-x F x )FeAs","43 K","30 GPa",""
"629","chu2009high","18","La(O 1-x F x )FeAs","10.5 K","",""
"639","chu2009high","21","x = 0.11 and 0.14","43 K","",""
"639","chu2009high","21","x = 0.05 and 0","29 K","",""
"639","chu2009high","21","x = 0.05 and 0","20 K","",""
"639","chu2009high","21","LaOFeP","5.8 K","1 GPa",""
"639","chu2009high","21","LaOFeP","8.8 K","",""
"639","chu2009high","21","LaOFeP","7 K","",""
"643","chu2009high","23","NdO 1-y FeAs with a nominal 1-y = 0.6, 0.8 and 0.85","54 K","ambient",""
"643","chu2009high","23","NdO 1-y FeAs with a nominal 1-y = 0.6, 0.8 and 0.85","41 K","ambient",""
"643","chu2009high","23","NdO 1-y FeAs with a nominal 1-y = 0.6, 0.8 and 0.85","0 K","ambient",""
"643","chu2009high","23","NdO 1-y FeAs with a nominal 1-y = 0.6, 0.8 and 0.85","20 K","16 GPa",""
"644","chu2009high","25","x ~ 0.4 -0.5","38 K","ambient pressure",""
"645","chu2009high","26","(Ba 1-x K x )Fe 2 As 2 with x = 0.45","30 K","hydrostatic pressure using a BeCu-clamp",""
"646","chu2009high","27","Ba(Fe 1- x Co x ) 2 As 2 (x=0.1)","22 K","",""
"649","chu2009high","37","single crystal of SrFe2As2","27 K","2.5 GPa",""
"649","chu2009high","37","single crystal of SrFe2As2","20 K","5.2 GPa",""
"652","chu2009high","39","SrFe 2 As 2","34 K","14 GPa","resistivity"
"652","chu2009high","39","SrFe 2 As 2 single crystals","34 K","3.5 GPa","resistivity"
"653","chu2009high","40","BaFe2As2","29 K","2 to 2.5 GPa",""
"655","chu2009high","43","LiFeAs","18 K","",""
"655","chu2009high","43","NaFeAs","12 K","",""
"655","chu2009high","43","LiFeAs","","",""
"655","chu2009high","43","","","",""
"655","chu2009high","43","LiFeAs","","",""
"659","chu2009high","49","FeSe x","27 K","up to 1.5 GPa",""
"659","chu2009high","49","α-FeSe x","8 K","None",""
"662","mydeen2010temperature","2","LaFeAsO 0.89 F 0.11","26 K","",""
"662","mydeen2010temperature","2","LaFeAsO 0.89 F 0.11","up to 43 K","4 GPa",""
"663","mydeen2010temperature","4","LiFeP","below 6 K","",""
"669","SCinTiO_1612.02502","1","mercury","temperature of liquid helium","",""
"669","SCinTiO_1612.02502","1","Magnesium diboride","39 K","",""
"669","SCinTiO_1612.02502","1","sulphur hydride","203 K","ultra-high pressure",""
"669","SCinTiO_1612.02502","1","Ti4O7","3.0 K","",""
"669","SCinTiO_1612.02502","1","g-Ti3O5 films synthesized using advanced epitaxial growth on specific oxide substrates","7.1 K","",""
"674","SCinTiO_1612.02502","12","Ti4O7","3.0 K","",""
"674","SCinTiO_1612.02502","12","g-Ti3O5","7.1 K","",""
"674","SCinTiO_1612.02502","12","TiO","2.3 K","",""
"674","SCinTiO_1612.02502","12","NbO","1.4 K","",""
"674","SCinTiO_1612.02502","12","SnO","1.4 K","",""
"681","SCinTiO_1612.02502","26","Ti4O7 film","3.0 K","1 × 10 -3 Torr","resistivity"
"681","SCinTiO_1612.02502","26","Ti4O7 film","2.7 K","1 × 10 -3 Torr","resistivity"
"681","SCinTiO_1612.02502","26","Ti4O7 film","2.5 K","1 × 10 -3 Torr","resistivity"
"681","SCinTiO_1612.02502","26","g-Ti3O5 film","7.1 K","","resistivity"
"681","SCinTiO_1612.02502","26","g-Ti3O5 film","6.6 K","","resistivity"
"681","SCinTiO_1612.02502","26","g-Ti3O5 film","5.8 K","","resistivity"
"683","Tc4k_interfaceBi_Ni","1","Ni/Bi bilayers","near 4 K","",""
"687","Tc4k_interfaceBi_Ni","8","Bi(15 nm)/Ni(4 nm)","4 K","",""
"687","Tc4k_interfaceBi_Ni","8","Ni(6 nm)","4 K","",""
"687","Tc4k_interfaceBi_Ni","8","35 nm of Bi","4 K","",""
"688","Tc4k_interfaceBi_Ni","10","Indium","3.41 K","",""
"689","1802.03907","1","Sr 2 VFeAsO 3 (21113V)","37.1 K","",""
"694","1802.03907","3","Sr 2 ScFePO 3","17 K","",""
"694","1802.03907","3","Sr 2 VFeAsO 3","37.2 K","",""
"694","1802.03907","3","Sr 2 (Mg, Ti)FeAsO 3","33-39 K","",""
"694","1802.03907","3","Ca 2 AlFePO 3-y","17.1 K","",""
"694","1802.03907","3","Ca 2 AlFeAsO 3-y","28.3 K","",""
"695","1802.03907","4","Sr 2 VFeAsO 3−δ","37.2 K","ambient pressure",""
"697","1802.03907","22","0.031 ≤ δ ≤ 0.145","30 ≤ T c onset ≤ 37 K","",""
"697","1802.03907","22","0.031 ≤ δ ≤ 0.145","30 ≤ T c onset ≤ 37 K","",""
"698","1802.03907","40","Sr 2 VFeAsO 3−δ","37.1 K","",""
"699","Rb2Cr3As3_quasi1D_SC1412.2596","1","Rb2Cr3As3","4.8 K","","electrical resistivity"
"700","Rb2Cr3As3_quasi1D_SC1412.2596","3","K2Cr3As3","6.1 K","",""
"702","Rb2Cr3As3_quasi1D_SC1412.2596","4","Tl2Mo6Se6","4.2 K","",""
"702","Rb2Cr3As3_quasi1D_SC1412.2596","4","Rb2Cr3As3","4.8 K","",""
"707","HfV2O431805.08285","1","HfV 2 Ga 4","3.9 K","","predicts"
"707","HfV2O431805.08285","1","HfV 2 Ga 4","4.1 K","",""
"708","HfV2O431805.08285","3","HfV 2 Ga 4","4.1 K","",""
"710","HfV2O431805.08285","12","HfV2Ga4","3.9 K","ambient pressure","estimated"
"710","HfV2O431805.08285","12","HfV2Ga4","4.1 K","None","None"
"715","MAT0305503","1","Na0.31CoO2•1.3H2O","4.3 K","None","electrical"
"715","MAT0305503","1","Na0.31CoO2•1.3H2O","4.3 K","None","magnetic"
"715","MAT0305503","1","Na0.31CoO2•1.3H2O","4.3 K","None","thermal"
"716","MAT0305503","7","Na 0.31 CoO 2 •1.3H 2 O","4.3 K","","suscep- tibility"
"717","MAT0305503","10","MgB2","4.3 K","ambient pressure","specific heat"
"718","MAT0106521","1","Cd 2 Re 2 O 7","1.1 K","",""
"723","MAT0106521","6","Cd 2 Re 2 O 7","1.1 K","None","electrical resistivity"
"723","MAT0106521","6","Cd 2 Re 2 O 7","below 1.05 K","None","electrical resistivity"
"723","MAT0106521","6","Cd 2 Re 2 O 7","1.7 K","None","electrical resistivity"
"723","MAT0106521","6","Cd 2 Re 2 O 7","1.1 K","None","electrical resistivity"
"725","MAT0106521","7","Cd 2 Re 2 O 7","below 1.06 K","","magnetic susceptibility"
"725","MAT0106521","7","Cd 2 Re 2 O 7","below 1.1 K","",""
"726","P066024502","7","Bi2212 single crystals","85 K","",""
"728","P066024502","15","MgB2","29K","ambient pressure",""
"730","P066132510","1","high- pressure oxidized Cu0.75Mo0.25Sr2YCu2O7.54","84 K","","magnetization"
"736","P066132510","13","optimally doped Y123","92 K","","specific heat"
"736","P066132510","13","optimally-and over-doped La 2−x Sr x CuO 4 (La214) single crystals","35 K to 0 K","","specific heat"
"738","P066132510","19","over-doped La2−xSrxCuO4 with x=0.259","6.5 K","",""
"738","P066132510","19","(Cu,Mo)1212 powder","84 K","",""
"739","P066020501","1","YBa2(Cu1−yCoy)3O 7+δ (y=0.013)","93 K","",""
"740","P066020501","2","fully oxydised superconducting YBa 2 Cu 3 O 7","93 K","",""
"744","P067172501","6","Bi2Sr2Ca1−xRxCu2O8+y","86, 88 and 48 K","",""
"744","P067172501","6","Bi2Sr2Ca1−xRxCu2O8+y","87 K","",""
"745","P066024503","1","Eu 2-x Ce x RuSr 2 Cu 2 O 10-δ","35 K","",""
"747","P066024503","3","Nb-2122","28-30 K","",""
"747","P066024503","3","Ta-2122","28-30 K","",""
"750","P066024503","11","Eu 2-x Ce x RuSr 2 Cu 2 O 10-δ","35 K","","susceptibility"
"750","P066024503","11","Eu 2-x Ce x RuSr 2 Cu 2 O 10-δ","35 K","","susceptibility"
"752","P066024503","12","Nb-2122","28-30 K","",""
"752","P066024503","12","Ta-2122","28-30 K","",""
"753","NAT3500600","0","potassium-doped C60","18 K","",""
"758","NAT3500600","1","potassium-doped C60 both as films and bulk","16 K","","resistivity"
"758","NAT3500600","1","potassium-doped C60 both as films and bulk","5 K","","resistance"
"758","NAT3500600","1","potassium-doped C60 both as films and bulk","18 K","",""
"760","NAT3500600","4","KxC60 film","below 5 K","","resistivity"
"760","NAT3500600","4","KxC60 film","4.6 K","","resistivity"
"762","NAT3500600","6","K3C60","18 K","","magnetization"
"762","NAT3500600","6","K3C60","below 18 K","","magnetization"
"764","NAT3500600","8","KxC60","18-K","",""
"764","NAT3500600","8","potassium-inter- calated graphite","0.55 K","",""
"768","P066214509","11","Sr(La)-112","43 K","","susceptibility"
"770","P066214509","15","Sr 0.9 La 0.1 CuO 2","43 K","",""
"772","P066214509","17","Sr0.9La0.1CuO2","42.6 K","","susceptibility"
"772","P066214509","17","Sr0.9La0.1CuO2","42.6 K","","magne- tization"
"774","P066104528","5","LYSCO","17 K","","magnetization"
"774","P066104528","5","LSCO","27 K","","magnetization"
"777","P063224522","3","MgAlB2","12K","",""
"777","P063224522","3","pure MgB2","39 K","",""
"779","P063224522","4","NbB 2","3.87 K","",""
"779","P063224522","4","Zr 0.13 Mo 0.87 B 2+x","above 11 K","",""
"780","P063224522","18","0,1,2 and 4 hr","39.21K","","diamagnetic ac susceptibility"
"780","P063224522","18","0,1,2 and 4 hr","39.15K","","diamagnetic ac susceptibility"
"780","P063224522","18","0,1,2 and 4 hr","39.23K","","diamagnetic ac susceptibility"
"780","P063224522","18","0,1,2 and 4 hr","39.08(5)K","","diamagnetic ac susceptibility"
"787","P065224520","19","YBa 2 Cu 3 O 7","9 0 K","None","None"
"787","P065224520","19","YBa 2 Cu 3 O 7","38 K","None","None"
"787","P065224520","19","La 1.85 Sr 0.15 CuO 4","=38 K","None","None"
"788","P064172514","6","BSLCO crys- tals","38 K","",""
"790","P066020503","8","Bi-2201 polycrystalline","20 K","",""
"794","MPL0150497","3","x = 0","30K","",""
"794","MPL0150497","3","x = 0.015 and 0.05","from ∼ 15K to ∼ 30K","",""
"794","MPL0150497","3","x = 0.015","16K to 26K","",""
"796","MPL0150497","6","La 1.985 Sr 0.015 CuO 4+δ","16 K","None",""
"796","MPL0150497","6","La 1.985 Sr 0.015 CuO 4+δ","26 K","None",""
"801","MPL0150497","15","MgB2","29K","ambient pressure",""
"805","MPL0150497","23","δ = 0.024","16 K","",""
"805","MPL0150497","23","δ = 0.032","16 K","",""
"805","MPL0150497","23","δ = 0.024","30 K","",""
"805","MPL0150497","23","δ = 0.032","30 K","",""
"809","MPL0150497","29","δ = 0.032","16 K","",""
"809","MPL0150497","29","δ = 0.032","30 K","",""
"810","P064144524","13","La 2−x Ba x CuO 4 with x = 0.11","10.2 K","","susceptibility"
"811","P064144524","14","La 2−xBaxCuO4 with x = 0.11","17.8 K","","resistivity"
"812","P064144524","20","single-crystal La2−xBaxCuO4 with x = 0.11","below ∼ 30 K","None","None"
"814","P068214517","1","Na 0.31(3) CoO 2 •1.25(2)D 2 O","4.5 K","",""
"817","P068214517","2","Na 0.3 CoO 2 •1.4H 2 O","4.5 K","",""
"817","P068214517","2","Na x CoO 2",">2 K","",""
"817","P068214517","2","Na x CoO 2","4.5 K","",""
"817","P068214517","2","Na x CoO 2 •1.3H 2 O","4.5 K","",""
"820","P068214517","17","Na x CoO 2 •yD 2 O","4.5 K","",""
"821","P068214517","18","Na concentration from 0.30 to 0.26","from 4.5 K to 2 K","",""
"822","P068214517","19","Na x CoO 2 •yD 2 O","4.5 K","",""
"823","P070020503","1","RbOs 2 O 6","6.4 K","",""
"824","P070020503","14","RbOs 2 O 6","6.37 ± 0.03","",""
"827","PHC1910237","2","Sr 2 Nd 1.5 Ce 0.5 NbCu 2 -O 10-δ","28 K","",""
"832","P072220505","10","poly- crystalline MgB 2","38.7 K","",""
"832","P072220505","10","poly- crystalline MgB 2","37.8 K","",""
"835","P072174508","1","RuSr2GdCu2O8","56 K","",""
"838","P072174508","2","RuSr 2 GdCu 2 O 8","60 K","None","None"
"838","P072174508","2","RuSr 2 EuCu 2 O 8","40 K","None","None"
"838","P072174508","2","RuSr 2 SmCu 2 O 8","12 K","None","None"
"849","P072174508","19","MgB2","29K","ambient pressure",""
"850","PCS2739","1","Cd 2 Re 2 O 7","1.0 K","",""
"853","P072180504","3","Ag 5 Pb 2 O 6","52.4 mK","",""
"854","P072180504","6","Ag 5 Pb 2 O 6","52.4 mK","","susceptibility"
"860","P069014507","7","F e(Co or T i)-doped R-123 phase Y Sr 2 F e x Cu 1−x O 6+δ with x = 0.3","30−50K","",""
"860","P069014507","7","Y Sr 2 Cu 2.7 F e 0.3 O 7+δ","60K","",""
"860","P069014507","7","F eSr 2 Y Cu 2 O 7+δ","60K","",""
"861","P069014507","8","F e 0.5 Cu 0.5 BaSrY Cu 2 O 7+δ","77K","",""
"863","P069014507","16","HP-sample","83K","","R-T curve"
"863","P069014507","16","HP-sample","63K","","R-T curve"
"864","P069014507","19","F e 0.5 Cu 0.5 Sr 2 Y Cu 2 O 7+δ","77K","ambient pressure","M-T curve"
"865","P069014507","21","F e 0.5 Cu 0.5 BaSrY Cu 2 O 7+δ","60K","ambient pressure",""
"866","P069014507","24","F eSr 2 Y Cu 2 O 7+δ","60K","",""
"868","P069014507","26","Y Sr 2 Cu 3 O 7−δ","30-80K","",""
"868","P069014507","26","Y Ba 2 Cu 3 O 7−δ","92K","",""
"871","PHB1480442","2","La2_x(Ba , Sr, Ca)xCuO4_y","40 K","",""
"871","PHB1480442","2","(RE)Ba2Cu30 7","above 90 K","",""
"873","PHB1480442","10","YBa2Cu3OT","91.0K","","resistivity"
"875","PHB1480442","16","YBa2Cu307","91.8 K","","specific heat"
"879","P071184510","12","Zn-free","85K","",""
"879","P071184510","12","y = 0.06","27.9K","",""
"879","P071184510","12","y = 0.06 and x = 0.20","32K","",""
"881","P071184510","20","Bi-2212","90K","None","None"
"881","P071184510","20","Bi-2212","62K","None","None"
"883","P072094504","2","MgB2","39 K","ambient pressure",""
"884","P072094504","4","MgB2","7.2K","0kbar",""
"890","P071104513","7","La 1.48 Nd 0.4 Sr 0.12 CuO 4","4.3 K","",""
"891","P071104513","9","La 1.48 Nd 0.4 Sr 0.12 CuO 4","3.5 K","ambient pressure","magnetic susceptibility"
"893","P071104513","17","La 1.48 Nd 0.4 Sr 0.12 CuO 4","22 K","5 GPa",""
"893","P071104513","17","La 1.88 Sr 0.12 CuO 4 polycrystalline","30 K","ambient pressure",""
"896","P071104513","18","La 1.64 Eu 0.2 Sr 0.16 CuO 4","10 K","0.3 GPa",""
"896","P071104513","18","La 1.64 Eu 0.2 Sr 0.16 CuO 4","17 K","~0.5 GPa",""
"896","P071104513","18","La 1.64 Eu 0.2 Sr 0.16 CuO 4","22 K","5.0 GPa",""
"899","P071104513","22","La 1.6-x Nd 0.4 Sr x CuO 4","22 K","None","None"
"900","P068132504","2","two-dimensional CoO 2 layers in the com- pound Na 0.35 CoO 2 •yH 2 O","5 K","","Magnetic susceptibility mea- surements"
"902","P068132504","6","Na 0.35 CoO 2 •yH 2 O powder","4.2 K","1.53 GPa",""
"903","P068132504","7","Na 0.35 CoO 2 •yH 2 O","4.7 K","None","None"
"906","P069184513","1","YBa2Cu3O6+y","89 K","",""
"906","P069184513","1","YBa2Cu3O6+y","75 K","",""
"906","P069184513","1","YBa2Cu3O6+y","56 K","",""
"909","P069184513","36","YBa 2 Cu 3 O 6.60","59 K","",""
"909","P069184513","36","optimally doped sample of YBa 2 Cu 3 O 6.95","93 K","",""
"910","P070052502","0","Na x CoO 2 ⋅yH 2 O","4.5 K","",""
"911","P070052502","3","Na x CoO 2 ⋅yH 2 O","~5 K","",""
"912","P070052502","4","Na x CoO 2 ⋅yH 2 O","4.5 K","","59 Co NQR"
"916","P071100502","4","PLCCO crystals","24 K","","Magnetic susceptibility"
"916","P071100502","4","PLCCO crystals","21 K","","Magnetic susceptibility"
"916","P071100502","4","PLCCO crystals","16 K","","Magnetic susceptibility"
"919","P071100502","10","PLCCO","16 K","",""
"919","P071100502","10","PLCCO","16 K","",""
"919","P071100502","10","PLCCO","21 K","",""
"923","P071100502","13","PLCCO","21 K","",""
"925","P071100502","15","PLCCO","24 K","","magnetic susceptibility"
"925","P071100502","15","PLCCO","21 K","","magnetic susceptibility"
"930","P072064520","2","Y2C3","18K","",""
"932","P072064520","4","Y2C3","18K","None","x-ray powder diffraction"
"932","P072064520","4","La2C3","up to 13.2K","ambient pressure","None"
"938","P072064520","7","La 2 C 3","13.5","","magnetic susceptibility"
"938","P072064520","7","La 2 C 3","13.5","","heat capacity"
"938","P072064520","7","La 2 C 3","13.5","","resistivity"
"943","P070054519","3","LiTi2O4","10-12 K","","magnetic susceptibility"
"943","P070054519","3","LiTi2O4","10-12 K","","resistivity"
"943","P070054519","3","polycrystalline BaPb1-xBixO3","~1 2 K","","specific heat"
"944","P070054519","4","LiTi 2 O 4","~11.4 K","","specific heat"
"945","P070054519","7","LiTi2O4","11.4 K","",""
"948","P070054519","14","Cd 2 Re 2 O 7","1 K","",""
"948","P070054519","14","Na 0.35 CoO 2 ．1.3H 2 O","5 K","",""
"948","P070054519","14","KOs 2 O 6","9 K","",""
"949","P071134526","3","Sr 0.9 M 0.1 CuO 2 (M = La, Gd)","43 K","",""
"950","P071134526","5","Sr0.9La0.1CuO2","43K","",""
"953","P071134526","8","Sr 0.9 Gd 0.1 CuO 2","43 K","","M (T )"
"953","P071134526","8","Sr 0.9 Gd 0.1 CuO 2","43 K","","C(T )"
"953","P071134526","8","Sr 0.9 La 0.1 CuO 2","43 K","","M (T )"
"957","P068064507","2","Ru-1222","32-50 K","",""
"957","P068064507","2","M-1222 (M= Nb and Ta)","∼28-30 K","",""
"960","P068064507","8","Mo-1222Eu","23 K","None","ac"
"960","P068064507","8","R=Sm","18","None","None"
"961","P068064507","11","Mo-1222 (Mo 5+ )","20 K","",""
"965","PHC1580178","7","Nd 1:85 Ce 0:15 CuO 4","24 K","0 H ¼ 0 T","resistivity"
"965","PHC1580178","7","Nd 2 CuO 4","25 K","0 H ¼ 0 T","resistivity"
"965","PHC1580178","7","Nd 2 CuO 4","27 K","",""
"965","PHC1580178","7","Nd 2 CuO 4","25 K","",""
"969","P068132507","1","Na0.35CoO2•1.3H2O","4.6 K","","magnetization"
"973","P072224509","1","ZrB12","6.0 K","0","Magnetization"
"974","P072224509","4","indium","3.4 K","None","None"
"975","P072224509","8","ZrB 12","6.09(2) K","",""
"977","P069174506","3","Oxygen-doped La 2 CuO 4+y","43 K","",""
"981","P069174506","9","stage-4 phase","43 K","",""
"981","P069174506","9","stage-4 phase","43 K","",""
"981","P069174506","9","stage-4 phase","43 K","",""
"981","P069174506","9","stage-6 phase","32 K","",""
"989","P072014504","9","Pb-free series with x = 0.33","18 K","",""
"989","P072014504","9","additional Pb doping with x = 0.36","34 K","",""
"989","P072014504","9","Samples without La","6 K","",""
"989","P072014504","9","Pb-free series","6 K","",""
"989","P072014504","9","Pb-doped series","12 K","",""
"991","P072014504","16","Pb-free","17 K","",""
"991","P072014504","16","Pb- doped","34 K","",""
"997","P070214505","4","x=0.22, TC: 27.4K","27.4K","",""
"997","P070214505","4","x=0.15, TC: 36.1K","36.1K","",""
"997","P070214505","4","x=0.063, TC: 12K","12K","",""
"997","P070214505","4","x=0.063, TC: 12K to 9K","12K to 9K","",""
"997","P070214505","4","x=0.063, TC: 9K","9K","",""
"998","P070214505","12","MgB2","27.4 K","None","None"
"999","P070214505","28","La 2−x Sr x CuO 4 (p = 0.069)","12 K to 9 K","",""
"1002","P068180505","2","Na 0.35 CoO 2 •1.35H 2 O","near 4 K","",""
"1002","P068180505","2","three-layer Na 0.30 CoO 2 ⋅1.3H 2 O","4.3 K","",""
"1003","P068180505","9","three-layer Na 0.30 CoO 2 •1.3H 2 O","range of 3K","None","magnetization measurements (Quantum Design Squid Magnetometer)"
"1005","PHC4030200","2","B 0.63 K 0.37 BiO 3","31 K","",""
"1010","PHC3200009","6","Tl-2201","91 K","",""
"1010","PHC3200009","6","Tl-2201","86 K","",""
"1011","PHC3200009","7","Tl-2201","91 K","",""
"1017","PHC3200009","19","Bi-2212","93-95 K","",""
"1017","PHC3200009","19","Tl-2201","86 K","",""
"1017","PHC3200009","19","Tl-2201","91 K","",""
"1017","PHC3200009","19","Bi-2212 is annealed in air","∼86 K","",""
"1017","PHC3200009","19","Air annealed Tl-2201","∼82 K","",""
"1019","PHC3200009","21","Tl-2201","86 K","",""
"1019","PHC3200009","21","Tl-2201","91 K","",""
"1021","PHC3411655","4","PCCO","19 K","",""
"1021","PHC3411655","4","NCCO","24 K","",""
"1026","PHC3830337","15","RuSr 2 GdCu 2 O 8","42 K","",""
"1030","PHC2640145","1","Hg0.45Pb0.30Ba1.63Sr0.50Ca1.94Cu3O8","128 K","",""
"1030","PHC2640145","1","Hg0.42Pb0.41Ba1.19Sr1.06Ca1.97Cu3O8","125 K","",""
"1030","PHC2640145","1","Hg0.50Pb0.50Ba0.59Sr1.24Ca1.83Cu3.34O8","116 K","",""
"1030","PHC2640145","1","Hg0.34Pb0.54Ba0.61Sr1.17Ca1.88Cu3O8","115 K","",""
"1036","PHC4210001","23","Sample B1","88 K","",""
"1038","PHC4210001","24","B2","93.5 K","",""
"1038","PHC4210001","24","B3","93.5 K","",""
"1042","PHC4200023","8","Sr 2 CuO 2+ Cl 2-y","30 K","",""
"1046","PHC4200023","14","y = 0.8","33K","",""
"1046","PHC4200023","14","1.0","20K","",""
"1046","PHC4200023","14","1.4","30K","",""
"1046","PHC4200023","14","y=1.4","36K","",""
"1047","PHC4200023","15","oxygen doped Cl-0201 phase Sr 2 CuO 2+ Cl 2-y","30 K","",""
"1052","PHC4020152","3","Hg-2212","40 K","",""
"1052","PHC4020152","3","Hg-2212","70 K","",""
"1052","PHC4020152","3","Hg-2212","82-84 K","",""
"1055","PHC4020152","28","Hg-2212","0 K","",""
"1055","PHC4020152","28","Hg-2212","42 K","",""
"1062","PHC4020152","32","Hg 2 (Ba 0.5 Sr 0.5 ) 2 YCu 2 O 8−δ","32 K","",""
"1062","PHC4020152","32","Hg 2 Sr 2 YCu 2 O 8−δ","42 K","",""
"1062","PHC4020152","32","Hg 2 Ba 2 (Y 0.80 Ca 0.20 )Cu 2 O 8−δ","21 K","",""
"1067","PHC4170033","1","x=0.60","20 K","",""
"1067","PHC4170033","1","x = 0.80","5","",""
"1067","PHC4170033","1","1.00","14 K","",""
"1067","PHC4170033","1","x = 0.8","11 K","",""
"1067","PHC4170033","1","1.00","16 K","",""
"1070","PHC4170033","10","x = 0.60","around 20 K","",""
"1070","PHC4170033","10","x = 0.80","5 K","",""
"1070","PHC4170033","10","1.0","14 K","",""
"1074","PHC4170033","11","x = 0.80","around 26 K","",""
"1074","PHC4170033","11","x = 0.80","5 K","",""
"1074","PHC4170033","11","x = 1.00","14 K","",""
"1074","PHC4170033","11","x = 1.00","32 K","",""
"1076","PHC4170033","12","x = 0.80","11 K","",""
"1076","PHC4170033","12","1.00","16 K","",""
"1078","PHC3660299","14","La-112","43 K","",""
"1080","PHC3660299","24","Sr0.9La0.1CuO2","42.6 K","None","None"
"1081","JPS0731297","3","layered cobalt oxide Na z CoO 2 ⋅yH 2 O ( z~0.3 and y~1.3)","~4.5 K","",""
"1082","JPS0731131","1","Na0.35CoO2•1.3H2O single crystal","4.5 K","","resistivity"
"1083","JPS0731131","3","Na 0.35 CoO 2 •1.3H 2 O","5 K","",""
"1089","JP01103169","8","Bi2Sr2Ca1−xErxCu2O8","∼87 K","",""
"1090","JPS0722453","1","Na x CoO 2 ⋅yH 2 O","4.5 K","",""
"1091","JPS0722453","6","Na x CoO 2 ⋅yH 2 O","~4.5 K","",""
"1092","JPS0722453","7","Na x CoO 2 ⋅yH 2 O","~4.5 K","None",""
"1093","JPS0710709","2","Cd 2 Re 2 O 7","1 ∼ 2 K","","specific heat"
"1096","JPS0731655","1","CsOs 2 O 6","3.3 K","",""
"1096","JPS0731655","1","KOs 2 O 6","9.6 K","",""
"1096","JPS0731655","1","RbOs 2 O 6","6.3 K","",""
"1099","JPS0731655","3","Cd 2 Re 2 O 7","1.0 K","",""
"1099","JPS0731655","3","RbOs 2 O 6","6.3 K","",""
"1099","JPS0731655","3","KOs 2 O 6","9.6 K","",""
"1101","JPS0731655","4","MgB2","29K","ambient pressure",""
"1106","JPS0731655","5","CsOs 2 O 6","3.3 K","","magnetic susceptibility"
"1106","JPS0731655","5","RbOs 2 O 6","3.2 K","","magnetic susceptibility"
"1106","JPS0731655","5","KOs 2 O 6","6.3 K","","magnetic susceptibility"
"1107","JPS0731655","9","CsOs 2 O 6","3.3 K","",""
"1110","JPS0730819","1","RbOs 2 O 6","6.3 K","","Resistivity"
"1110","JPS0730819","1","RbOs 2 O 6","6.3 K","","magnetic susceptibility"
"1110","JPS0730819","1","RbOs 2 O 6","6.3 K","","specific heat"
"1113","JPS0730819","3","Cd 2 Re 2 O 7 (Re 5+ : 5d 2 )","1 K","",""
"1113","JPS0730819","3","KOs 2 O 6","9.6 K","",""
"1113","JPS0730819","3","RbOs 2 O 6","6.3 K","",""
"1116","JPS0730819","8","RbOs 2 O 6","6.5 K","","resistivity"
"1116","JPS0730819","8","RbOs 2 O 6","6.3 K","","resistivity"
"1116","JPS0730819","8","RbOs 2 O 6","6.1 K","","resistivity"
"1117","JPS0730819","9","MgB2","29K","ambient pressure",""
"1120","JPS0730819","12","RbOs 2 O 6","6.3 K","",""
"1121","JPS0731123","5","La 1.64 Eu 0.2 Sr 0.16 CuO 4 single crystals","10 K","ambient pressure",""
"1124","EPL0490086","6","Bi 2 Sr 1.9 CaCu 1.8 O 8+x","87 -90 K","","magnetization"
"1126","EPL0490086","7","overdoped Bi2212 single crystal","88.5 K","",""
"1126","EPL0490086","7","overdoped Bi2212 single crystal","88 K","",""
"1135","JPS0732912","2","Cd 2 Re 2 O 7","1.0 K","",""
"1135","JPS0732912","2","AOs 2 O 6 (A = K, Rb, Cs)","9.6 K","",""
"1135","JPS0732912","2","AOs 2 O 6 (A = K, Rb, Cs)","6.3 K","",""
"1135","JPS0732912","2","AOs 2 O 6 (A = K, Rb, Cs)","3.3 K","",""
"1135","JPS0732912","2","Cd 2 Re 2 O 7","1.0 K","",""
"1135","JPS0732912","2","Cd 2 Re 2 O 7","3.0 K","",""
"1139","JPS0723041","1","NaxCoO2","4.7 K","None","None"
"1139","JPS0723041","1","bilayer-hydrate","4.7 K","None","None"
"1141","JPS0723041","6","bilayer-hydrate Na x CoO 2 ·yH 2 O","4.7 K","",""
"1142","JPS0723041","12","Sr 2 RuO 4","5.5 K","",""
