"6","PR06014617","4","LSCO","30","None","None"
"6","PR06014617","4","LSCO","37.7","None","None"
"6","PR06014617","4","LSCO","36","None","None"
"6","PR06014617","4","LSCO","27.5","None","None"
"6","PR06014617","4","LSCO","20.3","None","None"
"6","PR06014617","4","Hg-1201 [δ = 0.10 (T c = 60K)]","60K","None","None"
"6","PR06014617","4","Hg-1201 [δ = 0.37 (T c = 35K)]","35K","None","None"
"7","PR06114956","5","z=0.39","36 K","",""
"8","PR06114956","8","BSLCO crystals","36 K","",""
"9","PR06114956","17","BSLCO","36 K","",""
"11","PR05003221","3","x=0.15","38 K","ambient pressure",""
"11","PR05003221","3","x=0.15","42K","~2 GPa",""
"13","PR05713422","2","slightly overdoped HgBa 2 CuO 4+δ (Hg-1201)","93 K","",""
"13","PR05713422","2","slightly underdoped HgBa 2 Ca 2 Cu 3 O 8+δ (Hg-1223)","135 K","",""
"16","PR05713422","3","YBCO 7","92 K","","susceptibility"
"16","PR05713422","3","YBCO 6.7","66 K","","susceptibility"
"16","PR05713422","3","YBCO 6.57","56 K","","susceptibility"
"17","PR05514152","3","Bi 2 Sr 2 CuO 6","< 10 K","",""
"19","PR05514152","5","Bi 2 Sr 2 Cu0 6 single crystals","7-8 K","","resistivity"
"19","PR05514152","5","Bi 2 Sr 2 Cu0 6 single crystals","7-8 K","","susceptibility"
"20","PR05814617","3","Y- 123","60K","",""
"22","PR05814617","4","(189 and 259) were grown in Al 2 O 3 crucibles","72K","",""
"22","PR05814617","4","third crystal (315), grown in Y 2 O 3","80K","",""
"24","PR05814617","5","Y-123","92K","",""
"24","PR05814617","5","Y-123","92K","",""
"25","PR05814617","10","Y-123","92K","",""
"27","PR06103808","2","slightly over- doped HgBa 2 CuO 4+x","93K","",""
"27","PR06103808","2","nearly opti- mally doped HgBa 2 CuO 4+x","96K","",""
"28","PR06103808","5","HgBa 2 CuO 4+x (x=0.10","60 K","",""
"31","PR06103808","8","Hg-1201","60K","",""
"31","PR06103808","8","Hg-1201","96K","",""
"31","PR06103808","8","Hg-1201","96K","",""
"31","PR06103808","8","Hg-1201","60K","",""
"32","PR06103808","9","Hg-1201","96K","",""
"33","PR04310568","2","fully doped orthorhombic RBa 2 Cu 3 O 7−y (R=Y, rare earth)","90 K","",""
"34","PR06013094","3","YBa 2 Cu 4 O 8","3.4K","0","magnetization measurements"
"35","PR05809504","0","oxygen-deficient, fluorine-free polycrystalline samples with nominal chemical formula NdFeAsO 1-y","53 K","",""
"37","PR05809504","1","LaFeAs(O 1-x F x )","26 K","",""
"37","PR05809504","1","oxygen-deficient NdFeAsO 1-y","54 K","",""
"39","PR05809504","10","1-y=0.75 and 0.70","50 K","","magnetic susceptibility"
"39","PR05809504","10","1-y=0.80","35 K","","magnetic susceptibility"
"40","PR05809504","12","1-y*=0.94","53 K","None","None"
"41","PR05809504","13","oxygen-deficient, fluorine-free NdFeAsO 1-y","53 K","high-pressure","synthesis"
"43","PR06100107","1","La2−xSrxCuO4","38K","ambient pressure",""
"43","PR06100107","1","La2−xSrxCuO4","51.6K","8GPa",""
"46","PR06100107","12","LSCO","51.6 K","8 GPa","None"
"46","PR06100107","12","LSCO","51.6K","8 GPa","None"
"46","PR06100107","12","LSCO","38 K","ambient P","None"
"47","PR06100107","19","LSCO","51.6 K","8 GPa",""
"48","PR0446999","0","x = 0.5","32 K","","specific heat"
"49","PR0446999","1","Eu 0.5 K 0.5 Fe 2 As 2","32 K","",""
"50","PR0446999","2","EuFe 2 As 2","29 K","2 GPa","Electrical resistivity and specific heat measurements"
"51","PR05914099","1","RuSr2GdCu2O8","16 K","","magnetization"
"52","PR05914099","2","Sr 2 RuO 4","1.5 K","",""
"53","PR05914099","3","1212-type RuSr 2 GdCu 2 O 8","15-40","",""
"54","PR05914099","4","RuSr 2 GdCu 2 O 8","16 K","","µSR technique"
"55","PR05914099","8","RuSr 2 GdCu 2 O 8","16 K","","resistivity"
"56","PR05914099","11","RuSr 2 GdCu 2 O 8","16 K","","magnetization"
"58","PR05914099","13","RuSr2GdCu2O8","16 K","","magnetization"
"59","PR05914099","23","RuSr 2 GdCu 2 O 8","16 K","",""
"60","PR05914099","27","RuSr 2 GdCu 2 O 8","16 K","","magnetization"
"62","PR06015055","6","pure crystals","≃75 K","",""
"64","PR05907184","3","x = 0.17","40 K","",""
"64","PR05907184","3","x = 0.34","0","",""
"65","PR05907184","5","La1.86Sr0.14CuO4","36 K","",""
"68","PR05907184","8","Sr x = 0.14","36 K","",""
"68","PR05907184","8","x = 0.13","32 K","",""
"68","PR05907184","8","x = 0.17","40 K","",""
"69","PR05907184","25","under- doped La 2−x Sr x CuO 4","32 K","",""
"70","PR06006991","3","Bi 2 Sr 2−x La x CuO 6 with x≃0.4","30 K","",""
"76","PR06006991","5","BSLCO","33 K","",""
"76","PR06006991","5","x=0.24","24","",""
"76","PR06006991","5","x=0.30","30","",""
"76","PR06006991","5","x=0.44","33","",""
"76","PR06006991","5","0.57","28.5","",""
"76","PR06006991","5","0.66","20","",""
"77","PR06006991","12","Tl-2201","85 K","",""
"78","PR04909084","3","x > 0.22","200 mK","",""
"81","PR06114350","4","x=0","28.7","","resistivity"
"81","PR06114350","4","0.01","21.2","","resistivity"
"81","PR06114350","4","0.02","17.4","","resistivity"
"82","SST01600L7","2","x = 0.15","38 K","",""
"84","SST01600L7","7","x = 0.063","11K","","SQUID magnetometer"
"84","SST01600L7","7","x = 0.125","31K","","SQUID magnetometer"
"86","PhysRevX.9.021044","7","Single-crystalline Sr 2 RuO 4","1.44 K","","specific heat"
"87","EPL0580589","1","overdoped Bi2Sr2CaCu2O 8+δ","56 K","",""
"88","EPL0580589","4","Bi-2212","56 K","",""
"89","EPL0580589","8","underdoped Bi-2212","77 K","",""
"90","EPL0580589","9","overdoped Bi-2212","74 K","",""
"93","EPL0580589","10","underdoped and overdoped Bi-2212","82 K","",""
"93","EPL0580589","10","underdoped and overdoped Bi-2212","82 K","",""
"93","EPL0580589","10","underdoped and overdoped Bi-2212","56 K","",""
"94","EPL0580589","11","overdoped Bi-2212","56 K","",""
"96","EPL0580589","12","overdoped Bi-2212","48 K","",""
"96","EPL0580589","12","overdoped Bi-2212","55 K","",""
"98","EPL0580589","19","underdoped Bi-2212","77 K","",""
"100","Tanaka_etal_2017","1","non-doped CeOBiS2","up to ~3.8 K","",""
"101","Tanaka_etal_2017","18","CeOBiS2","~1.3 K","","resistivity"
"102","Tanaka_etal_2017","19","Ce(O,F)BiS2","3.1 K","",""
"104","Tanaka_etal_2017","21","CeOBiS2","3.2 K","1.62 GPa",""
"107","Tanaka_etal_2017","25","CeOBiS2 crystals","3.8 K","hydrostatic pressure",""
"108","Drozdov_etal_2015","0","CeOBiS2 crystals","3.8 K","hydrostatic pressure",""
"113","Drozdov_etal_2015","1","sulfur hydride","203 kelvin","approximately 90 gigapascals","resistivity"
"113","Drozdov_etal_2015","1","sulfur hydride","203 kelvin","approximately 90 gigapascals","magnetic susceptibility"
"114","Drozdov_etal_2015","2","MgB 2","39 K","",""
"116","Drozdov_etal_2015","3","molecular hydrogen","100-240 K","500 GPa","calculations"
"116","Drozdov_etal_2015","3","molecular hydrogen","300-350 K","500 GPa","calculations"
"117","Drozdov_etal_2015","4","H 2 S","< 80 K","< 100 GPa",""
"119","Drozdov_etal_2015","7","H 2 S","< 80 K","< 100 GPa",""
"125","Drozdov_etal_2015","9","H 2 S","< 80 K","","calculations"
"125","Drozdov_etal_2015","9","H 3 S","< 190 K","","predicted"
"125","Drozdov_etal_2015","9","H 3 S","190 K","","calculated"
"126","Drozdov_etal_2015","10","H 3 S","203 K","ambient pressure","None"
"129","Drozdov_etal_2015","20","sulfur hydride","170 K","145 GPa","resistance"
"129","Drozdov_etal_2015","20","sulfur hydride","195 K","145 GPa","resistance"
"130","Drozdov_etal_2015","22","sulfur hydride","185 K","","resistance"
"134","Drozdov_etal_2015","23","sulfur hydride","203(1) K","155 GPa","susceptibility"
"134","Drozdov_etal_2015","23","sulfur hydride","195 K","145 GPa","Resistivity"
"134","Drozdov_etal_2015","23","sulfur hydride","203 K","155 GPa","magnetization"
"134","Drozdov_etal_2015","23","sulfur hydride","203.5 K","155 GPa","magnetization"
"137","Drozdov_etal_2015","25","sulfur hydride","22 K","143 GPa","resistance"
"137","Drozdov_etal_2015","25","sulfur hydride","< 60 K","143 GPa","resistance"
"137","Drozdov_etal_2015","25","sulfur hydride","185 K","143 GPa","resistance"
"138","L088227002","1","doped Sr 0.9 La 0.1 CuO 2","43 K","",""
"139","L088227002","2","Sr 0.9 La 0.1 CuO 2","43 K","",""
"142","L088227002","3","SLCO","43 K","","Magnetization studies"
"142","L088227002","3","1% Zn-SLCO","43 K","","Magnetization studies"
"142","L088227002","3","1% Ni-SLCO","32 K","","Magnetization studies"
"143","L088227002","16","doped YBa 2 Cu 3 O 72d","92.5 6 0.5 K","",""
"144","SSC1310125","1","Na 0.22 H 0.1 CoO 2 • 0.85H 2 O","4.4 K","",""
"145","SSC1310125","3","Na x CoO 2 • yH 2 O (x ≈ 0.35, y ≈ 1.3)","5 K","",""
"147","SSC1310125","17","Na 0.22 H 0.1 CoO 2 • 0.85H 2 O","4.4 K","",""
"148","L093156802","2","CaC 6","11.5 K","",""
"149","L093156802","4","CaC 6","11.4 K","",""
"152","L095167004","1","AOs 2 O 6 (A = Cs, Rb, K)","7.6 K","6 GPa","resistivity"
"152","L095167004","1","AOs 2 O 6 (A = Cs, Rb, K)","8.2 K","2 GPa","resistivity"
"152","L095167004","1","AOs 2 O 6 (A = Cs, Rb, K)","10 K","0.6 GPa","resistivity"
"155","L095167004","2","AOs 2 O 6 (A = Cs, Rb, K)","3.3 K","",""
"155","L095167004","2","AOs 2 O 6 (A = Cs, Rb, K)","6.3 K","",""
"155","L095167004","2","AOs 2 O 6 (A = Cs, Rb, K)","9.6 K","",""
"156","L095167004","5","Cd 2 Re 2 O 7","1 K","",""
"160","L095167004","8","CsOs 2 O 6","3.3 K","AP",""
"160","L095167004","8","CsOs 2 O 6","5.0 K","2 GPa",""
"160","L095167004","8","CsOs 2 O 6","7.6 K","6 GPa",""
"160","L095167004","8","CsOs 2 O 6","3.7 K","10 GPa",""
"165","L095167004","9","RbOs 2 O 6","8.2 K","2 GPa","resistivity"
"165","L095167004","9","RbOs 2 O 6","6.3 K","AP","resistivity"
"165","L095167004","9","KOs 2 O 6","9.6 K","AP","resistivity"
"165","L095167004","9","KOs 2 O 6","8.2 K","2.0 GPa","resistivity"
"165","L095167004","9","KOs 2 O 6","5.7 K","4.0 GPa","resistivity"
"168","L095167004","21","AOs 2 O 6 (A = Cs, Rb, K)","9.6 K","high pressures from 2 GPa to 10 GPa","resistivity measurements"
"168","L095167004","21","AOs 2 O 6 (A = Cs, Rb, K)","6.3 K","high pressures from 2 GPa to 10 GPa","resistivity measurements"
"169","L094047001","5","CeCoIn 5","2.3 K","None","None"
"170","L094037007","1","CeIrIn5","0.8 K","2.1 GPa",""
"173","L094037007","2","CeIrIn 5","0.4 K","0",""
"173","L094037007","2","CeCoIn 5","2.3 K","0",""
"173","L094037007","2","CeRhIn 5","2 K","1.GPa",""
"175","L094037007","3","CeRhIrIn 5","1 K","None","None"
"175","L094037007","3","CeIrIn 5","1 K","3 GPa","None"
"176","L094037007","6","CeIrIn 5","0.4 K","0 GPa",""
"177","L094037007","14","CeIrIn 5","0.8 K","2.1 GPa",""
"178","L093157004","1","RbOs 2 O 6","6.3 K","0","magnetization"
"182","L093157004","2","KOs 2 O 6","9.6 K","",""
"182","L093157004","2","CdRe 2 O 7","1 K","",""
"182","L093157004","2","RbOs 2 O 6","6.3 K","",""
"182","L093157004","2","CsOs 2 O 6","3.3 K","",""
"183","L093157004","6","In","3.4 K","0","magnetization"
"184","L090137002","4","underdoped Bi 2 Sr 2 CaCu 2 O 8+δ","70 K","",""
"185","Li_2018_Supercond._Sci._Technol._31_085001","4","Zr 5 Sb 3","∼2.3 K","",""
"186","Li_2018_Supercond._Sci._Technol._31_085001","9","Ge site doped sample Zr 5 Ge 2.5 Pt 0.5","2.8 K","","electrical resistivity"
"187","Li_2018_Supercond._Sci._Technol._31_085001","10","Zr 5 Pt 3","7.2 K","",""
"189","Li_2018_Supercond._Sci._Technol._31_085001","12","Zr 5 Ge 2.8 Pt 0.2","2.6 K","","resistivity"
"189","Li_2018_Supercond._Sci._Technol._31_085001","12","Zr 5 Ge 2 Pt","3.5 K","","resistivity"
"191","Li_2018_Supercond._Sci._Technol._31_085001","13","Zr 5 Ge 2.5 Pt 0.5","below 2.8 K","","magnetic susceptibility"
"191","Li_2018_Supercond._Sci._Technol._31_085001","13","Zr 5 Ge 2.5 Pt 0.5","2 K","","magnetic susceptibility"
"192","Li_2018_Supercond._Sci._Technol._31_085001","14","Zr 5 Pt 3","7.2 K","",""
"193","Li_2018_Supercond._Sci._Technol._31_085001","15","Zr 5 Sb 3","2.3 K","",""
"195","Li_2018_Supercond._Sci._Technol._31_085001","18","Zr 5 Ge 2.5 Pt 0.5","∼2.8 K","",""
"196","SSC1280097","1","x = 0.5 (La-2125 stoichiometry)","58 K","None","None"
"197","SSC1280097","4","x = 0.5","78 K","",""
"198","SSC1280097","13","La-2125","78K","",""
"200","EPL0410207","4","Ba 1−x K x BiO 3 single crystal","23 K","",""
"200","EPL0410207","4","single-crystalline Ba 1−x K x BiO 3","23 K","",""
"201","EPL0410207","13","Ba 1−x K x BiO 3 crystal","31 K","",""
"202","L094047006","1","x=0.40","32 K","",""
"204","L094047006","6","Bi 2 Sr 2 CuO 6.36","8 K","28.5 T","NMR measurements"
"204","L094047006","6","x=0.4","32 K","28.5 T","NMR measurements"
"205","L094047006","11","x opt =0.40","32 K","","suscepti- bility"
"206","L094047006","15","x ≤0.40","8 ∼32 K","",""
"208","L094047006","16","Bi2Sr2CuO 6+δ","8 K","",""
"210","L094127001","5","Sr 0.9 La 0.1 CuO 2","43 K","",""
"210","L094127001","5","Sr 0.9 La 0.1 CuO 2","43 K","",""
"211","L094127001","7","Sr 0.9 La 0.1 CuO 2 (SLCO)","43 K","","Magnetiza- tion"
"212","SSC1270493","1","x = 0.3","∼40 K","",""
"216","SSC1270493","4","Ga-1212","up to ∼70 K","",""
"216","SSC1270493","4","Al-1212","18 ∼ 30 K","",""
"216","SSC1270493","4","Co-1212","∼30 K","",""
"216","SSC1270493","4","CoSr 2 YCu 2 O 7+δ","up to 40 K","",""
"217","SSC1270493","12","x = 0.3","up to 40 K","","diamagnetic signal"
"220","SSC1270493","16","x = 0.4 sample using 25 and 100 mol-% Ag 2 O 2","20 K","",""
"220","SSC1270493","16","x = 0.4 sample using 25 and 100 mol-% Ag 2 O 2","35 K","",""
"220","SSC1270493","16","x = 0.3","∼40 K","",""
"221","SSC1230017","3","pure-phase Sr 0.9 La 0.1 CuO 2 (Sr(La)-112)","43 K","",""
"222","PhysRevX.8.041024","6","Cu x Bi 2 Se 3 (x ¼ 0.31) single crystals","3 K","","Magnetic susceptibility"
"224","EPJ0290369","11","La 1.94 Sr 0.06 CuO 4","2.4 K","",""
"227","EPJ0290369","13","La 1.9 Sr 0.1 CuO 4","17.5 K","",""
"227","EPJ0290369","13","La 1.9 Sr 0.1 CuO 4","17.5 K","",""
"227","EPJ0290369","13","La 1.9 Sr 0.1 CuO 4","17.5 K","",""
"228","EPJ0290369","14","overdoped La 1.8 Sr 0.2 CuO 4","22.8 K","",""
"230","EPJ0290369","16","overdoped La 1.75 Sr 0.25 CuO 4","15.6 K","",""
"230","EPJ0290369","16","La 1.75 Sr 0.25 CuO 4","15.6 K","",""
"231","EPJ0290369","17","La 1.73 Sr 0.27 CuO 4","9.2 K","","resistivity"
"232","EPJ0290369","22","La 1.9 Sr 0.1 CuO 4","17.5 K","",""
"233","EPJ0290369","23","La 1.94 Sr 0.06 CuO 4","2.4K","",""
"236","EPJ0290369","24","La 1.8 Sr 0.2 CuO 4","22.8 K","",""
"236","EPJ0290369","24","La 1.75 Sr 0.25 CuO 4","15.6 K","",""
"236","EPJ0290369","24","La 1.73 Sr 0.27 CuO 4","9.2 K","",""
"238","EPJ0290369","30","La 1.94 Sr 0.06 CuO 4","2.4 K","",""
"238","EPJ0290369","30","La 1.9 Sr 0.1 CuO 4","17.5 K","",""
"239","EPJ0290369","34","La 1.9 Sr 0.1 CuO 4","17.5 K","",""
"241","EPJ0290369","38","La 1.94 Sr 0.06 CuO 4","2.4 K","",""
"241","EPJ0290369","38","La 1.9 Sr 0.1 CuO 4","17.5 K","",""
"243","APL0774202","12","YBCO crystals","93 K","",""
"243","APL0774202","12","BSCCO","89.5K","",""
"244","APL0774202","13","Single crystals of PCCO","22.5K","",""
"246","APL0774202","16","Al","1.69 K","",""
"246","APL0774202","16","Al","1.18 K","",""
"247","L088207003","1","doped Pr1.855Ce0.145CuO4−y films","24 K","",""
"248","L088207003","4","Pr 2 CuO 4","23.7 ± 0.5 K","","resistivities"
"251","Liu_2018_Supercond._Sci._Technol._31_125011","4","SnSb","1.50 K","","magnetic susceptibility"
"251","Liu_2018_Supercond._Sci._Technol._31_125011","4","SnSb","1.50 K","","specific heat"
"252","Liu_2018_Supercond._Sci._Technol._31_125011","7","SnSb","below 2.8 K","","resistivity"
"253","Liu_2018_Supercond._Sci._Technol._31_125011","10","SnSb","∼1.6 K","",""
"254","Liu_2018_Supercond._Sci._Technol._31_125011","11","SnSb","1.50 K","","specific heat"
"256","Liu_2018_Supercond._Sci._Technol._31_125011","18","SnSb","below 1.50 K","","resistivity"
"256","Liu_2018_Supercond._Sci._Technol._31_125011","18","SnSb","2.48 K","","resistivity"
"258","L095117006","2","2H-NbSe 2","7.1 K","",""
"260","1609.04957","1","LaFeAsO1−xHx","exceeds 45K","3.0 GPa","75 As nuclear magnetic resonance (NMR) technique"
"260","1609.04957","1","LaFeAsO1−xHx","48 K","3.0 GPa","75 As-NMR"
"261","1609.04957","2","LaFeAsO1−xHx","exceeds 45K","3.0 GPa","75 As nuclear magnetic resonance (NMR) technique"
"261","1609.04957","2","LaFeAsO1−xHx","48 K","3.0 GPa","75 As-NMR"
"262","1609.04957","4","x = 0.14","up to 40 K","3.0 GPa",""
"263","1609.04957","7","x = 0.14","up to 40 K","3.0 GPa",""
"264","1609.04957","8","K y Fe 2−x Se 2","30 K","",""
"265","1609.04957","14","x = 0.20","48 K","",""
"266","1903.04321","1","Cu-intercalated PdTe2","from 1.7 K to 2.4 K","",""
"267","1903.04321","2","PdTe 2","below 1.7 K","",""
"268","1903.04321","3","Cu-intercalated PdTe 2 with 4% Cu","2.6 K","","susceptibility"
"272","Carnicom_2018_Supercond._Sci._Technol._31_115005","1","WB 4.2","2.05(5) K","",""
"275","Carnicom_2018_Supercond._Sci._Technol._31_115005","3","(Mo 0.96 Zr 0.04 ) 0.85 B 2","8.2 K","",""
"275","Carnicom_2018_Supercond._Sci._Technol._31_115005","3","NbB 2","5.2 K","",""
"275","Carnicom_2018_Supercond._Sci._Technol._31_115005","3","MgB 2","39 K","",""
"276","Carnicom_2018_Supercond._Sci._Technol._31_115005","5","WB 4.2","2 K","",""
"277","Carnicom_2018_Supercond._Sci._Technol._31_115005","12","WB 4.2","2.05 K","",""
"279","Carnicom_2018_Supercond._Sci._Technol._31_115005","13","WB 4.2","above 2 K","","resistivity"
"279","Carnicom_2018_Supercond._Sci._Technol._31_115005","13","WB 4.2","2.1 K","","resistivity"
"280","Carnicom_2018_Supercond._Sci._Technol._31_115005","16","WB 4.2","2.05 K","",""
"283","Carnicom_2018_Supercond._Sci._Technol._31_115005","17","WB 4.2","2 K","","magnetic suscept- ibility"
"283","Carnicom_2018_Supercond._Sci._Technol._31_115005","17","WB 4.2","2 K","","specific heat"
"283","Carnicom_2018_Supercond._Sci._Technol._31_115005","17","WB 4.2","2 K","","electrical resistivity"
"286","JPS081033701","4","x = 0.20","13 K","2 GPa","suscep- tibility"
"286","JPS081033701","4","x = 0.25","14 K","","suscep- tibility"
"286","JPS081033701","4","x = 0.25","30 K","","suscep- tibility"
"288","JPS081033701","9","x = 0.25","13 K","2 GPa",""
"290","L089147002","3","Cd 2 Re 2 O 7","1 K","",""
"291","L088167005","3","un- twinned YBa 2 Cu 3 O y (YBCO) single crystals","20 K","",""
"292","L088167005","5","y=6.50","35 K","",""
"293","L091087001","2","PCCO films onto Pr 2 CuO 4 (PCO)/SrTiO 3","24 K","",""
"294","L091087001","4","Zn plate","0.875 K","",""
"299","JPS081113707","2","FeSe","13K","None","None"
"299","JPS081113707","2","FeSe","37K","4-6 GPa","None"
"299","JPS081113707","2","K 0.8 Fe 2 Se 2","above 30 K","None","None"
"299","JPS081113707","2","(LiNH 2 ) x Fe 2 Se 2","43 K","None","None"
"299","JPS081113707","2","FeSe monolayer synthesized by MBE method","53 K","None","MBE method"
"301","Suzuki_etal_2015","1","Polycrystalline EuFBiS 2","8.6 K","1.8 GPa","electrical resistivity"
"306","Suzuki_etal_2015","9","EuFBiS 2","8.6 K","1.8 GPa","electrical resistivity"
"308","SST0180041","1","Pr 1−x Ca x Ba 2 Cu 3 O 7−δ (x ≈0.5) thin films","37K","",""
"308","SST0180041","1","Pr 1−x Ca x Ba 2 Cu 3 O 7−δ (x ≈0.5) thin films","35.6K","",""
"313","SST0180041","14","Pr 0.5 Ca 0.5 Ba 2 Cu 3 O 7−δ epitaxial thin films","35.6 K","","resistivity"
"313","SST0180041","14","Pr 0.5 Ca 0.5 Ba 2 Cu 3 O 7−δ epitaxial thin films","37 K","","resistivity"
"315","xing2014theAnomaly","8","undoped LiFeAs crystal","∼17 K","","resistivity"
"315","xing2014theAnomaly","8","LiFeAs crystal","∼ 16 K","","magnetic susceptibility"
"316","xing2014theAnomaly","9","Cu doping level of 7%","∼3 K","",""
"317","kotegawa2008abrupt","0","SrFe 2 As 2","34 K","","Resistivity"
"319","kotegawa2008abrupt","3","F-doped system LaFeAsO 1−x F x (ZrCuSiAs-type struc- ture)","26 K","",""
"320","kotegawa2008abrupt","4","SrFe 2 As 2","10 K","8 GPa","resistivity"
"321","kotegawa2008abrupt","5","single-crystalline samples of SrFe 2 As 2","34 K","3.5 GPa","resistivity"
"324","kotegawa2008abrupt","8","(Ba 0.6 K 0.4 )Fe 2 As 2 and (K 0.4 Sr 0.6 )Fe 2 As 2","37 − 38 K","3.77 GPa","resistance"
"324","kotegawa2008abrupt","8","SrFe 2 As 2","34.1 K","3.77 GPa","resistance"
"324","kotegawa2008abrupt","8","SrFe 2 As 2","30 K","4.15 GPa","resistance"
"327","kotegawa2008abrupt","13","(Ba 0.6 K 0.4 )Fe 2 As 2 and (K 0.4 Sr 0.6 )Fe 2 As 2","37 − 38 K","3.77 GPa","resistance"
"327","kotegawa2008abrupt","13","SrFe 2 As 2","34.1 K","3.77 GPa","resistance"
"327","kotegawa2008abrupt","13","SrFe 2 As 2","30 K","4.15 GPa","resistance"
"329","kotegawa2008abrupt","14","SrFe 2 As 2","34.1 K","3.6 − 3.7 GPa","resistivity"
"329","kotegawa2008abrupt","14","doped systems","37 − 38 K","",""
"330","kotegawa2008abrupt","15","SrFe 2 As 2","34.1 K","3.77 GPa",""
"332","yamaguchi2014ac","1","LiFeAs","17 K","0 GPa","AC susceptibility measurements and X-ray diffraction experiments"
"332","yamaguchi2014ac","1","LiFeAs","10 K","5.2 GPa","AC susceptibility measurements and X-ray diffraction experiments"
"338","yamaguchi2014ac","10","LiFeAs","17.1 K","0 GPa","AC magnetic susceptibility"
"338","yamaguchi2014ac","10","LiFeAs","13.2 K","4.3 GPa","AC magnetic susceptibility"
"338","yamaguchi2014ac","10","LiFeAs","16.8 K","0 GPa","AC magnetic susceptibility"
"338","yamaguchi2014ac","10","LiFeAs","10 K","5.2 GPa","AC magnetic susceptibility"
"342","sun2012re-emerging","1","Tl 0.6 Rb 0.4 Fe 1.67 Se 2","48.0-48.7 K","1 GPa",""
"342","sun2012re-emerging","1","K 0.8 Fe 1.78 Se 2","48.0-48.7 K","1 GPa",""
"342","sun2012re-emerging","1","K 0.8 Fe 1.7 Se 2","48.0-48.7 K","1 GPa",""
"344","sun2012re-emerging","3","Tl 0.6 Rb 0.4 Fe 1.67 Se 2 single crystals","33 K","1.6 GPa","resistance"
"344","sun2012re-emerging","3","Tl 0.6 Rb 0.4 Fe 1.67 Se 2 single crystals","48.0 K","12.4 GPa","resistance"
"347","sun2012re-emerging","6","K 0.8 Fe 1.7 Se 2","32 K","0.8-1.6 GPa","electrical resistance measurements"
"347","sun2012re-emerging","6","K 0.8 Fe 1.7 Se 2","48.7 K","12.5 GPa","electrical resistance measurements"
"349","sun2012re-emerging","7","K 0.8 Fe 1.7 Se 2","48.7 K","above 9.8 GPa and below 13.2 GPa","None"
"349","sun2012re-emerging","7","Tl 0.6 Rb 0.4 Fe 1.67 Se 2","48.0 K","above 9.8 GPa and below 13.2 GPa","None"
"350","sun2012re-emerging","11","K 0.8 Fe 1.7 Se 2","48.7 K","12.5 GPa",""
"351","sun2012re-emerging","15","Tl 0.6 Rb 0.4 Fe 1.67 Se 2","48 K","9.4 GPa","Cryogenic resistance measurements in terms of standard four-probe method"
"352","sun2012re-emerging","17","K 0.8 Fe 1.7 Se 2","48.7 K","12.5 GPa","resistance"
"355","piva2015combined","1","BaFe 2−x Cu x As 2","4.2 K","ambient pressure","None"
"355","piva2015combined","1","BaFe 2−x Cu x As 2","8 K","high pressures","None"
"355","piva2015combined","1","x = 0.02","30 K","maximum pressure","None"
"357","piva2015combined","3","AFe 2 As 2 (A = Ba, Sr, Ca, Eu)","as high as 56 K","",""
"357","piva2015combined","3","RFeAsO (R = La − Gd)","as high as 56 K","",""
"359","piva2015combined","4","Co-substituted","26 K","None","None"
"359","piva2015combined","4","BaFe 2−x Cu x As 2","5 K","None","None"
"361","piva2015combined","5","Cu-substituted BaFe 2 As 2 single crystals","8 K","P 10 GPa","electrical resistivity experiments"
"361","piva2015combined","5","x = 0.02","30 K","external pressure","electrical resistivity experiments"
"365","piva2015combined","10","BaFe 2−x Cu x As 2","29 K","2.8 GPa","resistivity"
"365","piva2015combined","10","BaFe 2−x Cu x As 2","29 K","3.4 GPa","resistivity"
"365","piva2015combined","10","BaFe 2−x Cu x As 2","31 K","4.0 GPa","resistivity"
"367","piva2015combined","12","BaFe 2−x Cu x As 2","8 K","P 10 GPa","in-flux technique"
"367","piva2015combined","12","x = 0.02","30 K","external pressure","in-flux technique"
"369","wang2011effect","3","LaO 1−x F x FeAs","26 K","None","None"
"369","wang2011effect","3","LaO 1−x F x FeAs","up to 43 K","external pressure","None"
"370","wang2011effect","8","NaFeAs","31 K","3 GPa",""
"371","wang2011effect","11","NaFeAs","31 K","3 GPa",""
"375","kotegawa2009contrasting","1","Sr2VFeAsO3","36.4 K","ambient pressure","resistivity measurements"
"375","kotegawa2009contrasting","1","Sr2VFeAsO3","46.0 K","4 GPa","resistivity measurements"
"375","kotegawa2009contrasting","1","Sr2ScFePO3","∼ 16 K","ambient pressure","resistivity measurements"
"375","kotegawa2009contrasting","1","Sr2ScFePO3","5 K","4 GPa","resistivity measurements"
"376","kotegawa2009contrasting","3","FeSe","8 K","ambient pressure",""
"378","kotegawa2009contrasting","5","Sr 2 ScFePO 3","17 K","",""
"378","kotegawa2009contrasting","5","Sr 2 VFeAsO 3","37 K","",""
"380","kotegawa2009contrasting","10","Sr 2 ScFePO 3","15.6 K","ambient pressure","resistance"
"380","kotegawa2009contrasting","10","Sr 2 ScFePO 3","8.4 K","ambient pressure","resistance"
"382","kotegawa2009contrasting","15","Sr 2 VFeAsO 3","46 K","4 GPa","resistivity"
"387","ivanovskii2008newHigh","1","fluorine-doped oxyarsenide LaO 1-x F x FeAs","26 K","",""
"388","ivanovskii2008newHigh","2","fluorine- doped iron and lanthanum oxyarsenide LaO 1Àx F x FeAs","26 K","",""
"389","ivanovskii2008newHigh","5","LaO 1Àx F x FeAs","26 K","",""
"392","ivanovskii2008newHigh","6","fluorine-doped samarium oxyarsenide SmO 1Àx F x FeAs","56 K","",""
"392","ivanovskii2008newHigh","6","NdO 1Àx FeAs","51 K","",""
"392","ivanovskii2008newHigh","6","SmO 1Àx FeAs","55 K","",""
"396","ivanovskii2008newHigh","8","Ba 1Àx K x Fe 2 As 2","37 ± 38 K","",""
"396","ivanovskii2008newHigh","8","Sr 1Àx Cs x Fe 2 As 2","37 ± 38 K","",""
"396","ivanovskii2008newHigh","8","Li 0:6 FeAs","18 K","",""
"396","ivanovskii2008newHigh","8","LiFeAs","18 K","",""
"397","ivanovskii2008newHigh","14","NdO 1Àx F x FeAs","50À51 K","",""
"398","ivanovskii2008newHigh","18","SmO 0:7 F 0:3 FeAs","54.6-K","None","None"
"399","ivanovskii2008newHigh","19","LaO 1Àx F x FeAs","close to 24 K","","resistance"
"403","ivanovskii2008newHigh","45","LaONiP","6 K","",""
"403","ivanovskii2008newHigh","45","LaOFeP","6 K","",""
"403","ivanovskii2008newHigh","45","LaFe 4 P 12","4:1 K","",""
"403","ivanovskii2008newHigh","45","lanthanum","6:9 K","",""
"410","ivanovskii2008newHigh","47","LaOFeAs","26 K","",""
"410","ivanovskii2008newHigh","47","LaO 1Àx F x FeAs (x 0:12À0:15)","26 K","",""
"410","ivanovskii2008newHigh","47","LnOFeAs phases (Ln Ce, Pr, Nd, Sm, Gd)","37 K","",""
"410","ivanovskii2008newHigh","47","GdO 1Àx F x FeAs","37 K","",""
"410","ivanovskii2008newHigh","47","TbO 1Àx F x FeAs","46 K","",""
"410","ivanovskii2008newHigh","47","DyO 1Àx F x FeAs","45 K","",""
"412","ivanovskii2008newHigh","48","Gd 1Àx Th x OFeAs","55 K","",""
"412","ivanovskii2008newHigh","48","Tb 1Àx Th x OFeAs","52 K","",""
"415","ivanovskii2008newHigh","50","La 0:85 Sr 0:15 O 0:87 FeAs","8 K","",""
"415","ivanovskii2008newHigh","50","LaO 0:9 F 0:1 FeAs 1Àx","26À28 K","",""
"415","ivanovskii2008newHigh","50","LaO 1Àx F x FeAs","26 K","",""
"417","ivanovskii2008newHigh","55","La 0:89 F 0:11 FeAs","from 26 K","0",""
"417","ivanovskii2008newHigh","55","La 0:89 F 0:11 FeAs","43 K","4 GPa",""
"419","ivanovskii2008newHigh","56","CeO 0:88 F 0:12 FeAs","4.5 K","P 19 GPa",""
"420","ivanovskii2008newHigh","57","SmO 0:85 F 0:15 FeAs","25.6 K","1 GPa",""
"421","ivanovskii2008newHigh","59","LaO 0:89 F 0:11 FeAs","26 K","",""
"422","ivanovskii2008newHigh","69","LaO 1Àx F x FeAs","24 K","",""
"424","ivanovskii2008newHigh","70","LaO 0:94 F 0:06 FeP","5 K","",""
"425","ivanovskii2008newHigh","72","LaOFeP","7 K","",""
"426","ivanovskii2008newHigh","76","SmO 0:85 FeAs","52:4 K","",""
"427","ivanovskii2008newHigh","77","LaOFeP","7 K","",""
"428","ivanovskii2008newHigh","80","La 1:85 Sr 0:15 CuO 4","38 K","",""
"431","ivanovskii2008newHigh","97","LaOFeAs","0:8 K","","Eliashberg equation"
"431","ivanovskii2008newHigh","97","LaOFeAs","26 K","","experimental"
"433","ivanovskii2008newHigh","102","LaONiP","3:0 ± 4:2 K","None","None"
"433","ivanovskii2008newHigh","102","LaONiP","26 K","None","estimated in the Eliashberg model"
"439","ivanovskii2008newHigh","129","potassium-doped arsenide Ba 1Àx K x Fe 2 As 2","38 K","",""
"439","ivanovskii2008newHigh","129","Ba 0:6 K 0:4 Fe 2 As 2","38 K","",""
"439","ivanovskii2008newHigh","129","LaRu 2 P 2","5 K","",""
"439","ivanovskii2008newHigh","129","YIr 2Àx Si 2x","5 K","",""
"439","ivanovskii2008newHigh","129","LaIr 2 Ge 2","5 K","",""
"439","ivanovskii2008newHigh","129","BaNi 2 P 2","5 K","",""
"441","ivanovskii2008newHigh","140","Ba 0:6 K 0:4 Fe 2 As 2","38 K","",""
"441","ivanovskii2008newHigh","140","Sr 1Àx K; Cs x Fe 2 As 2","37À38 K","",""
"443","ivanovskii2008newHigh","151","LnOFeAs","26À55 K","",""
"443","ivanovskii2008newHigh","151","AFe 2 As 2","26À55 K","",""
"447","ivanovskii2008newHigh","155","cobalt-doped LaOFeAs","14 K","",""
"447","ivanovskii2008newHigh","155","LaOFe 0:89 Co 0:11 As )","14 K","",""
"447","ivanovskii2008newHigh","155","LiFeAs","18 K","",""
"447","ivanovskii2008newHigh","155","Li 0:6 FeAs )","18 K","",""
"453","ivanovskii2008newHigh","159","TbO 1Àd FeAs","48:5 K","",""
"453","ivanovskii2008newHigh","159","HoO 1Àd FeAs","50:5 K","",""
"453","ivanovskii2008newHigh","159","YO 1Àd FeAs","46:5 K","",""
"453","ivanovskii2008newHigh","159","DyO 1Àd FeAs","52:2 K","",""
"453","ivanovskii2008newHigh","159","GdONiBi","4:5 K","",""
"453","ivanovskii2008newHigh","159","Gd 0:9 Sr 0:1 ONiBi","4:7 K","",""
"459","ivanovskii2008newHigh","161","EuFe 2 As 2","20 K","",""
"459","ivanovskii2008newHigh","161","Eu 0:5 K 0:5 Fe 2 As 2","32 K","",""
"459","ivanovskii2008newHigh","161","BaFe 1:8 Co 0:2 As 2","22 K","",""
"459","ivanovskii2008newHigh","161","SrNi 2 As 2","0:6 K","",""
"459","ivanovskii2008newHigh","161","BaFe 1:9 Ni 0:1 As 2","21 K","",""
"459","ivanovskii2008newHigh","161","BaNi 2 As 2","0:7 K","",""
"460","ivanovskii2008newHigh","162","LiFeAs","18 K","",""
"463","ivanovskii2008newHigh","163","FeSe 1Àx (x $ 0:12)","8 K","",""
"463","ivanovskii2008newHigh","163","FeSe 1Àx","14 K","",""
"463","ivanovskii2008newHigh","163","FeSe 1Àx","27 K","external pressure",""
"463","ivanovskii2008newHigh","163","FeSe 1Àx Te x 0:82","14 K","",""
"466","ivanovskii2008newHigh","164","CaFe 2 As 2","12 K","None","None"
"466","ivanovskii2008newHigh","164","BaFe 2 As 2","29 K","None","None"
"466","ivanovskii2008newHigh","164","CaFe 2 As 2","12 K","None","None"
"467","ivanovskii2008newHigh","168","SmO 0:7 F 0:3 FeAs","54:6 K","",""
"470","ying2011pressure","2","FeSe","8 K","ambient pressure",""
"470","ying2011pressure","2","FeSe","37 K","4.5 GPa",""
"470","ying2011pressure","2","Fe-Se","30 K","no external pressure",""
"473","ying2011pressure","3","K x Fe 2 Se 2 crystal","32.6 K","0.48 GPa","resistivity under high hydrostatic pressure"
"473","ying2011pressure","3","K x Fe 2 Se 2","31.1 K","0.48 GPa","resistivity under high hydrostatic pressure"
"473","ying2011pressure","3","K x Fe 2 Se 2","32.7 K","0.48 GPa","resistivity under high hydrostatic pressure"
"476","ying2011pressure","4","Cs x Fe 2 Se 2","30 K","None","None"
"476","ying2011pressure","4","K 0.85 Fe 2 Se 1.80","32.6 K","None","None"
"476","ying2011pressure","4","K 0.86 Fe 2 Se 1.82","31.1 K","None","None"
"478","ying2011pressure","5","K x Fe 2 Se 2 -1","32.6 K","ambient pressure","in-plane resistivity"
"478","ying2011pressure","5","K x Fe 2 Se 2 -2","31.1 K","","resistivity"
"481","ying2011pressure","9","Cs x Fe 2 Se 2","29.8 K","1.64 GPa",""
"483","ying2011pressure","10","K x Fe 2 Se 2","32.7 K","0.48 GPa",""
"484","ying2011pressure","13","K x Fe 2 Se 2 -1","32.6 K","increasing pressure","high-hydrostatic-pressure resistivity measurement"
"485","okada2008supercondctivity","1","LaFeAsO","21 K","12 GPa","Electrical resistivity"
"488","okada2008supercondctivity","3","LaFeAsO 1-x F x","26 K","None","None"
"488","okada2008supercondctivity","3","LaFeAsO 0.89 F 0.11","43 K","4 GPa","None"
"488","okada2008supercondctivity","3","RFeAsO (R = rare earth) having smaller R atom than La atom","over 50 K","None","None"
"489","okada2008supercondctivity","4","LaFeAsO","21 K","29 GPa","electrical resistivity"
"493","okada2008supercondctivity","7","LaFeAsO","21 K","29 GPa","electrical resistivity"
"494","okada2008supercondctivity","8","F -substitution of 5 at%","24 K","",""
"498","okada2008supercondctivity","9","LaFeAsO 0.95 F 0.05","29 K","high pressure",""
"498","okada2008supercondctivity","9","LaFeAsO 0.89 F 0.11","43 K","high pressure",""
"498","okada2008supercondctivity","9","""over-doped"" LaFeAsO 0.86 F 0.14","43 K","high pressure",""
"498","okada2008supercondctivity","9","LaFeAsO 0.86 F 0.14","43 K","high pressure",""
"499","okada2008supercondctivity","10","LaFeAsO","21 K","12 GPa","electrical resistivity"
"500","hott2013review","2","Mercury","below 4 K","","electrical resistance"
"508","hott2013review","4","tin","3.7 K","",""
"508","hott2013review","4","niobium","9.2 K","",""
"508","hott2013review","4","thallium","2.4 K","",""
"508","hott2013review","4","titanium","0.4 K","",""
"508","hott2013review","4","vanadium","5.3 K","",""
"508","hott2013review","4","thorium","1.4 K","",""
"508","hott2013review","4","tantalum","4.2 K","",""
"508","hott2013review","4","indium","3.4 K","",""
"509","hott2013review","7","NbTi","9.2 K","",""
"510","hott2013review","10","NbTi","9.2 K","",""
"511","hott2013review","11","C 60 introduced by doping and intercalation of alkali-metal atoms","up to 33 K","normal pressure",""
"516","hott2013review","12","MgB 2","40 K","",""
"516","hott2013review","12","LaFeAsO","26 K","",""
"516","hott2013review","12","LaFePO","5 K","",""
"516","hott2013review","12","FeSe","8 K","",""
"516","hott2013review","12","FeSe monolayer on a SrTiO 3 substrate","up to 109 K","",""
"519","hott2013review","13","hydrogen sulfide","203 K","~100 GPa","None"
"519","hott2013review","13","phosphorous-hydride","~100 K","None","None"
"519","hott2013review","13","YBa 2 Cu 3 O 7-δ (""YBCO"")","300 K","None","None"
"520","hott2013review","18","YBCO","above the boiling point of liquid nitrogen","",""
"522","hott2013review","20","Hg-1223","135 K","normal pressure conditions",""
"522","hott2013review","20","Hg-1223","164 K","30 GPa",""
"524","hott2013review","22","Pr-123","80 K","normal pressure",""
"524","hott2013review","22","Pr-123","105 K","9.3 GPa",""
"526","hott2013review","26","Hg-1201","90 K","",""
"526","hott2013review","26","Tl-2201","90 K","",""
"529","hott2013review","41","BaPb 1-x Bi x O 3","13 K","",""
"529","hott2013review","41","Ba 1-x K x BiO 3 (""BKBO""; x ~ 0.35)","> 30 K","",""
"530","hott2013review","42","Sr 2 RuO 4","1.5 K","",""
"531","hott2013review","43","Ru-1212","up to 72 K","",""
"532","hott2013review","44","hydrated sodium cobaltate Na 0.3 CoO 2 •1.4 H 2 O","4.5 K","",""
"535","hott2013review","45","AOs 2 O 6 with A = K, Rb, Cs","9.6 K","",""
"535","hott2013review","45","AOs 2 O 6 with A = K, Rb, Cs","6.3 K","",""
"535","hott2013review","45","AOs 2 O 6 with A = K, Rb, Cs","3.3 K","",""
"537","hott2013review","46","BaTi 2 Sb 2 O","1 K","",""
"537","hott2013review","46","Ba 1−x Na x Ti 2 Sb 2 O","5.5 K","",""
"539","hott2013review","48","LaFeAsO","26 K","",""
"539","hott2013review","48","Gd 0.8 Th 0.2 FeAsO","56 K","",""
"541","hott2013review","49","BaFe 2-x Co x As 2","24 K","",""
"544","hott2013review","52","SnMo 6 S 8","11.8 K","",""
"544","hott2013review","52","PbMo 6 S 8","12.6 K","",""
"544","hott2013review","52","Gd 0.2 PbMo 6 S 8","14.3 K","",""
"551","hott2013review","54","2H-NbSe 2","up to ~ 7 K","",""
"551","hott2013review","54","2H-TaS 2","4 K","",""
"551","hott2013review","54","1T-TiSe 2","4.15 K","","Cu-doping"
"551","hott2013review","54","2H-MoS 2","up to 10.8 K","",""
"551","hott2013review","54","2H-MoSe 2","up to ~ 7 K","",""
"551","hott2013review","54","2H-WS 2","up to ~ 7 K","",""
"552","hott2013review","55","Bi 4 O 4 S 3","4.5 K","",""
"553","hott2013review","57","PuCoGa 5","18.5 K","",""
"557","hott2013review","75","CeCu 2 Si 2","1.5 K","ambient pressure",""
"557","hott2013review","75","CeCoIn 5","2.3 K","ambient pressure",""
"557","hott2013review","75","CePt 3 Si","0.75 K","",""
"557","hott2013review","75","β-YbAl 4 B","80 mK","",""
"561","hott2013review","79","UPt 3","530 mK","","specific heat"
"561","hott2013review","79","UPt 3","480 mK","","specific heat"
"561","hott2013review","79","UPd 2 Al 3","1.8 K","",""
"562","hott2013review","81","URu 2 Si 2","1.2 K","None",""
"564","hott2013review","83","UBe 13","~ 0.75 K","",""
"564","hott2013review","83","UBe 13","~ 0.9 K","",""
"567","hott2013review","84","PuCoGa 5","18.5 K","ambient pressure",""
"567","hott2013review","84","PuRhGa 5","8.7 K","ambient pressure",""
"567","hott2013review","84","NpPd 5 Al 2","4.9 K","ambient pressure",""
"568","hott2013review","85","PrOs 4 Sb 12","1.85 K","",""
"572","hott2013review","86","PrOs 4 Sb 12 (x = 0)","1.85 K","","specific heat"
"572","hott2013review","86","PrOs 4 Sb 12 (x = 0)","1.75 K","","specific heat"
"572","hott2013review","86","x = 1 compound PrRu 4 Os 12","1 K","","None"
"572","hott2013review","86","x ~ 0.6","0.75 K","","None"
"573","hott2013review","88","NbN","16 K","",""
"576","hott2013review","89","La 3 Ni 2 B 2 N 3","12 -13 K","",""
"576","hott2013review","89","Li 0.48 (THF) y HfNCl containing cointercalated tetrahydrofuran solvent (THF)","25.5 K","",""
"576","hott2013review","89","A x TiNCl (A = Li, Na, K, Rb)","16.3 K","",""
"580","hott2013review","90","NbC","12 K","",""
"580","hott2013review","90","MoC","14.3 K","",""
"580","hott2013review","90","(TMTSF)PF 6","below 0.9 K","12 kbar",""
"580","hott2013review","90","C 60","~ 30 K","",""
"581","hott2013review","91","(TMTSF) 2 ClO 4","1 K","normal pressure",""
"583","hott2013review","92","(BEDT-TTF) 2 Cu[N(CN) 2 ]Br","11.2 K","",""
"583","hott2013review","92","(BEDT-TTF) 2 Cu(NCS) 2","10.4 K","",""
"598","hott2013review","94","KTl 1.5 C 4","2.7 K","",""
"598","hott2013review","94","Li 3 Ca 2 C 6","11.15 K","",""
"598","hott2013review","94","KHgC 8","1.4 K","",""
"598","hott2013review","94","YbC 6","6.5K","",""
"598","hott2013review","94","~ 1 at % boron","up to 1.4 K","",""
"598","hott2013review","94","diamond","up to 4 K","",""
"598","hott2013review","94","graphene, the atomic monolayer modification of graphite, Li-or Ca-decoration","6 K","",""
"598","hott2013review","94","boron doping concentration homogenously up to 11 at %","up to 0.7 K","",""
"598","hott2013review","94","KC 8","0.14 K","",""
"598","hott2013review","94","silicon carbide","up to 1.4 K","",""
"598","hott2013review","94","CaC 6","11.5 K","",""
"598","hott2013review","94","Rb 3 C 60","29.5 K","",""
"598","hott2013review","94","silicon thin films","up to 0.7 K","",""
"598","hott2013review","94","Cs 3 C 60","40 K","",""
"600","hott2013review","95","alkali-doped picene and dibenzopentacen","18 K","",""
"600","hott2013review","95","alkali-doped picene and dibenzopentacen","33 K","",""
"601","hott2013review","96","double- wall carbon natotubes (DWNT)","6.8 K","","resistitively"
"603","hott2013review","102","nonmagnetic YNi 2 B 2 C","16.5 K","",""
"603","hott2013review","102","LuNi 2 B 2 C","15.5 K","",""
"604","hott2013review","105","MgB 2","~ 40 K","",""
"606","hott2013review","132","Li + THF cointercalated β-HfNCl","25.5 K","",""
"608","chu2009high","4","HgBa 2 Ca 2 Cu 3 O 9+δ (Hg1223)","134 K","ambient",""
"608","chu2009high","4","HgBa 2 Ca 2 Cu 3 O 9+δ (Hg1223)","164 K","30 GPa",""
"610","chu2009high","5","electron-doped LaOFeAs (La1111)","26 K","",""
"610","chu2009high","5","011","9-14 K","",""
"612","chu2009high","6","electron-doped LaOFeAs","26 K","",""
"612","chu2009high","6","electron-doped La1111","55 K","",""
"613","chu2009high","7","electron-doped LaOFeAs","26 K","",""
"613","chu2009high","7","electron-doped La1111","55 K","",""
"614","chu2009high","12","011","8 K","",""
"618","chu2009high","14","electron doped La(O 1-x F x )FeAs","26 K","None","None"
"618","chu2009high","14","polycrystalline optimally doped La(O 1-x F x )FeAs with nominal x = 0.11","26.3 K","ambient pressure","resistively"
"618","chu2009high","14","polycrystalline optimally doped La(O 1-x F x )FeAs with nominal x = 0.11","23 K","ambient pressure","magnetically"
"622","chu2009high","16","Sm(O 1-x F x )FeAs with x = 0.05","< 1.2 K","ambient pressure","resistively"
"622","chu2009high","16","Sm(O 1-x F x )FeAs with x = 0.13","24.7 K","ambient pressure","resistively"
"622","chu2009high","16","Sm(O 1-x F x )FeAs with x = 0.3","43.6 K","ambient pressure","resistively"
"622","chu2009high","16","Sm(O 1-x F x )FeAs with x = 0.3","53 K","up to 1.7 GPa","BeCu-clamp technique"
"629","chu2009high","18","x = 0.11","28 K","up to 3 GPa",""
"629","chu2009high","18","x = 0.11","43 K","30 GPa",""
"629","chu2009high","18","x = 0.05","9 K","up to 3 GPa",""
"629","chu2009high","18","La(O 1- x F x )FeAs","43 K","up to 3 GPa",""
"629","chu2009high","18","LaOFe(As 1-x P x )","10.5 K","",""
"639","chu2009high","21","LaOFeP","5.8 K","ambient pressure",""
"639","chu2009high","21","LaOFeP","8.8 K","1 GPa",""
"639","chu2009high","21","LaOFeP","7 K","increasing pressure",""
"639","chu2009high","21","x = 0.11 and 0.14","43 K","ambient pressure",""
"639","chu2009high","21","x = 0.05 and 0","29 K","ambient pressure",""
"639","chu2009high","21","x = 0.05 and 0","20 K","ambient pressure",""
"643","chu2009high","23","NdO 1-y FeAs with a nominal 1-y = 0.6, 0.8 and 0.85","54 K","ambient",""
"643","chu2009high","23","NdO 1-y FeAs with a nominal 1-y = 0.6, 0.8 and 0.85","41 K","ambient",""
"643","chu2009high","23","1-y = 0.85","20 K","16 GPa",""
"643","chu2009high","23","NdO 1-y FeAs with a nominal 1-y = 0.6, 0.8 and 0.85","0 K","ambient",""
"644","chu2009high","25","x ~ 0.4 -0.5","38 K","None",""
"645","chu2009high","26","(Ba 1-x K x )Fe 2 As 2 with x = 0.45","30 K","hydrostatic pressure","BeCu-clamp"
"646","chu2009high","27","Ba(Fe 1- x Co x ) 2 As 2 (x=0.1)","22 K","",""
"647","chu2009high","30","single crystal CaFe 2 As 2","12 K","0.23 GPa","ρ(T)"
"649","chu2009high","37","single crystal of SrFe 2 As 2","27 K","2.5 GPa","dc magnetization measurements"
"649","chu2009high","37","single crystal of SrFe 2 As 2","20 K","5.2 GPa","dc magnetization measurements"
"652","chu2009high","39","SrFe 2 As 2","34 K","14 GPa","None"
"652","chu2009high","39","SrFe 2 As 2 single crystals","34 K","3.5 GPa","resistivity"
"653","chu2009high","40","BaFe 2 As 2","29 K","2 to 2.5 GPa",""
"655","chu2009high","43","LiFeAs","18 K","",""
"655","chu2009high","43","NaFeAs","12 K","",""
"657","chu2009high","46","undoped EuFe 2 (As 0.7 P 0.3 ) 2","up to 26 K","chemical pressure",""
"657","chu2009high","46","BaFe 2 (As 1-x P x ) 2","30 K","chemical pressure",""
"659","chu2009high","49","FeSe x","27 K","up to 1.5 GPa","resistivity drop"
"659","chu2009high","49","α-FeSe x","8 K","None","magnetic measurements"
"660","chu2009high","53","FeSe","8 K","None","None"
"662","mydeen2010temperature","2","LaFeAsO 0.89 F 0.11","26 K","None",""
"662","mydeen2010temperature","2","LaFeAsO 0.89 F 0.11","up to 43 K","4 GPa",""
"663","mydeen2010temperature","4","As free ""111"" compound LiFeP","below 6 K","None","None"
"664","mydeen2010temperature","7","As free ""111"" compound LiFeP","below 6 K","None","None"
"669","SCinTiO_1612.02502","1","Magnesium diboride","39 K","",""
"669","SCinTiO_1612.02502","1","sulphur hydride","203 K","under an ultra-high pressure",""
"669","SCinTiO_1612.02502","1","Ti4O7","3.0","",""
"669","SCinTiO_1612.02502","1","g-Ti3O5 films synthesized using advanced epitaxial growth on specific oxide substrates","7.1 K","",""
"674","SCinTiO_1612.02502","12","Ti4O7","3.0 K","None","None"
"674","SCinTiO_1612.02502","12","g-Ti3O5","7.1 K","None","None"
"674","SCinTiO_1612.02502","12","TiO","2.3 K","None","None"
"674","SCinTiO_1612.02502","12","NbO","1.4 K","None","None"
"674","SCinTiO_1612.02502","12","SnO","1.4 K","under 9.3 GPa","None"
"675","SCinTiO_1612.02502","15","Ti4O7 film","2.9 K","",""
"681","SCinTiO_1612.02502","26","Ti4O7 film","3.0 K","1 × 10 -3 Torr","resistivity"
"681","SCinTiO_1612.02502","26","Ti4O7 film","2.7 K","1 × 10 -3 Torr","resistivity"
"681","SCinTiO_1612.02502","26","Ti4O7 film","2.5 K","1 × 10 -3 Torr","resistivity"
"681","SCinTiO_1612.02502","26","g-Ti3O5 film","7.1 K","None","resistivity"
"681","SCinTiO_1612.02502","26","g-Ti3O5 film","6.6 K","None","resistivity"
"681","SCinTiO_1612.02502","26","g-Ti3O5 film","5.8 K","None","resistivity"
"682","SCinTiO_1612.02502","42","Ti4O7 film","2.9 K","",""
"683","Tc4k_interfaceBi_Ni","1","Ni/Bi bilayers","near 4 K","",""
"684","Tc4k_interfaceBi_Ni","4","Ni(3 nm)/Bi(20 nm)","about 4 K","",""
"687","Tc4k_interfaceBi_Ni","8","Bi(15 nm)/Ni(4 nm)","4 K","",""
"687","Tc4k_interfaceBi_Ni","8","Ni(6 nm)","4 K","",""
"687","Tc4k_interfaceBi_Ni","8","35 nm of Bi","4 K","",""
"688","Tc4k_interfaceBi_Ni","10","Indium","3.41 K","",""
"689","1802.03907","1","Sr 2 VFeAsO 3 (21113V)","37.1 K","",""
"694","1802.03907","3","Sr 2 ScFePO 3","17 K","",""
"694","1802.03907","3","Sr 2 VFeAsO 3","37.2 K","",""
"694","1802.03907","3","Ca 2 AlFePO 3-y","17.1 K","",""
"694","1802.03907","3","Ca 2 AlFeAsO 3-y","28.3 K","",""
"694","1802.03907","3","Sr 2 (Mg, Ti)FeAsO 3","33-39 K","",""
"695","1802.03907","4","Sr 2 VFeAsO 3−δ","37.2 K","ambient pressure",""
"697","1802.03907","22","0.031 ≤ δ ≤ 0.145","30 ≤ T c onset ≤ 37 K","",""
"698","1802.03907","40","δ = 0.145","37.1 K","",""
"699","Rb2Cr3As3_quasi1D_SC1412.2596","1","Rb2Cr3As3","4.8 K","","electrical resistivity"
"700","Rb2Cr3As3_quasi1D_SC1412.2596","3","K 2 Cr 3 As 3","6.1 K","",""
"702","Rb2Cr3As3_quasi1D_SC1412.2596","4","Tl 2 Mo 6 Se 6","4.2 K","",""
"702","Rb2Cr3As3_quasi1D_SC1412.2596","4","Rb 2 Cr 3 As 3","4.8 K","",""
"703","Rb2Cr3As3_quasi1D_SC1412.2596","8","Rb 2 Cr 3 As 3 polycrystalline","4.8 K","","resistivity"
"707","HfV2O431805.08285","1","HfV 2 Ga 4","3.9 K","","predicts"
"707","HfV2O431805.08285","1","HfV 2 Ga 4","4.1 K","","None"
"708","HfV2O431805.08285","3","HfV 2 Ga 4","4.1 K","",""
"710","HfV2O431805.08285","12","HfV 2 Ga 4","3.9 K","","estimated"
"710","HfV2O431805.08285","12","HfV 2 Ga 4","4.1 K","","experimental"
"715","MAT0305503","1","Na0.31CoO2•1.3H2O","4.3 K","","thermal"
"715","MAT0305503","1","Na0.31CoO2•1.3H2O","4.3 K","","electrical"
"715","MAT0305503","1","Na0.31CoO2•1.3H2O","4.3 K","","magnetic"
"716","MAT0305503","7","Na 0.31 CoO 2 •1.3H 2 O","4.3 K","","suscep- tibility"
"718","MAT0106521","1","Cd 2 Re 2 O 7","1.1 K","",""
"719","MAT0106521","4","Cd 2 Re 2 O 7","1.1 K","",""
"723","MAT0106521","6","Cd 2 Re 2 O 7","1.1 K","","electrical resistivity"
"723","MAT0106521","6","rhenium","1.7 K","","electrical resistivity"
"725","MAT0106521","7","Cd 2 Re 2 O 7","below 1.06 K","","magnetic susceptibility"
"725","MAT0106521","7","Cd 2 Re 2 O 7","below 1.1 K","","magnetic susceptibility"
"726","P066024502","7","Bi2212 single crystals","85 K","","traveling solvent floating zone (TSFZ) method"
"728","P066024502","15","Bi2212 single crystals","85 K","","traveling solvent floating zone (TSFZ) method"
"729","P066024502","23","thinner than 4 unit cells","25 K","",""
"730","P066132510","1","high- pressure oxidized Cu0.75Mo0.25Sr2YCu2O7.54","84 K","","magnetization"
"731","P066132510","2","Cu 1−x Mo x Sr 2 (Y,Ce) s Cu 2 O 5+2s+δ","up to 87 K","",""
"733","P066132510","8","Cu 1−x Mo x Sr 2 YCu 2 O 7+δ","84 K","","specific heat"
"733","P066132510","8","underdoped (op- timally doped) Y123","60 (90) K","","specific heat"
"736","P066132510","13","optimally doped Y123","92 K","","specific heat"
"736","P066132510","13","optimally-and over-doped La 2−x Sr x CuO 4 (La214) single crystals","35 K to 0 K","","specific heat"
"738","P066132510","19","(Cu,Mo)1212 powder","84 K","",""
"738","P066132510","19","over- doped La2−xSrxCuO4 with x=0.259","6.5 K","",""
"739","P066020501","1","YBa2(Cu1−yCoy)3O 7+δ (y=0.013","93 K","","elastic neutron scattering"
"740","P066020501","2","fully oxydised superconducting YBa 2 Cu 3 O 7","93 K","",""
"741","P066020501","4","y=0.013","93 K","",""
"742","P066020501","19","YBa 2 (Cu 1−y Co y ) 3 O 7+δ (y=0.013","93 K","",""
"744","P067172501","6","x Pr =0.1, 0.25 and 0.43","86, 88 and 48 K","",""
"744","P067172501","6","x Er =0.1","87 K","",""
"745","P066024503","1","Ce=0.6","35 K","",""
"747","P066024503","3","Nb-2122","28-30 K","",""
"747","P066024503","3","Ta-2122","28-30 K","",""
"748","P066024503","5","Ru-2122 materials (for R=Eu)","32-50 K","",""
"750","P066024503","11","Eu 2-x Ce x RuSr 2 Cu 2 O 10-δ","35 K","","susceptibility"
"750","P066024503","11","Ce=0.6","35 K","","susceptibility"
"752","P066024503","12","Ta-2122","28-30 K","",""
"752","P066024503","12","Nb-2122","28-30 K","",""
"753","NAT3500600","0","potassium-doped C60","18 K","",""
"758","NAT3500600","1","potassium-doped C60 both as films and bulk","16 K","","resistance"
"758","NAT3500600","1","potassium-doped C60 both as films and bulk","5 K","","resistivity"
"758","NAT3500600","1","potassium-doped C60 both as films and bulk","18 K","","resistivity"
"760","NAT3500600","4","KxC60 film","below 5 K","","resistivity"
"762","NAT3500600","6","K3C60","below 18 K","","magnetization"
"762","NAT3500600","6","K3C60","18 K","","magnetization"
"764","NAT3500600","8","KxC60","18-K","",""
"764","NAT3500600","8","potassium-inter- calated graphite","0.55 K","",""
"768","P066214509","11","Sr(La)-112","43 K","","susceptibility"
"769","P066214509","13","Sr(La)-112","42.6 K","",""
"770","P066214509","15","Sr 0.9 La 0.1 CuO 2","43 K","",""
"772","P066214509","17","Sr0.9La0.1CuO2","42.6 K","","susceptibility"
"772","P066214509","17","Sr0.9La0.1CuO2","42.6 K","","magne- tization"
"774","P066104528","5","LYSCO","17 K","","magnetization"
"774","P066104528","5","LSCO","27 K","","magnetization"
"775","P066104528","8","orthorhombic LSCO","27 K","",""
"777","P063224522","3","MgAlB 2","12K","",""
"777","P063224522","3","pure MgB 2","39 K","",""
"779","P063224522","4","NbB 2","3.87 K","",""
"779","P063224522","4","Zr 0.13 Mo 0.87 B 2+x","above 11 K","",""
"780","P063224522","18","0,1,2 and 4 hr","39.21, 39.15, 39.23 and 39.08(5)K","",""
"782","P065224520","3","Sr 1-x La x CuO 2","~40 K","",""
"782","P065224520","3","R 2-x Ce x CuO 4","<25 K","",""
"784","P065224520","10","Sr 1-x La x CuO 2","~40 K","",""
"784","P065224520","10","R 2-x Ce x CuO 4","<25 K","",""
"785","P065224520","16","Sr 0.9 Nd 0.1 CuO 2","24 K","",""
"787","P065224520","19","YBa 2 Cu 3 O 7","9 0 K","",""
"787","P065224520","19","La 1.85 Sr 0.15 CuO 4","38 K","",""
"788","P064172514","6","BSLCO crys- tals","as high as 38 K","",""
"789","P066020503","7","most overdoped","<1.5 K","",""
"790","P066020503","8","Bi-2201 polycrystalline","20 K","",""
"791","P066020503","14","overdoped case of Bi(Pb)-2201","<4 K","",""
"794","MPL0150497","3","x = 0","30K","",""
"794","MPL0150497","3","x = 0.015","16K to 26K","",""
"794","MPL0150497","3","x = 0.015 and 0.05","from ∼ 15K to ∼ 30K","",""
"796","MPL0150497","6","δ = 0.024","16 K","",""
"796","MPL0150497","6","δ = 0.032","26 K","",""
"801","MPL0150497","15","δ = 0.032","26 K","",""
"801","MPL0150497","15","δ = 0.032","30 K","",""
"801","MPL0150497","15","δ = 0.024","15K","",""
"801","MPL0150497","15","δ = 0.032","16 K","",""
"801","MPL0150497","15","δ = 0.032","30K","",""
"805","MPL0150497","23","δ = 0.024","16 K","",""
"805","MPL0150497","23","δ = 0.024","30 K","",""
"805","MPL0150497","23","δ = 0.032","16 K","",""
"805","MPL0150497","23","δ = 0.032","30 K","",""
"806","MPL0150497","25","underdoped Bi 2 Sr 2 CaCu 2 O 8+δ (Bi2212)","67 K","",""
"807","MPL0150497","26","Tl 2 Ba 2 CuO 6+δ","88 K","",""
"809","MPL0150497","29","δ = 0.032","16 K","",""
"809","MPL0150497","29","δ = 0.032","30 K","",""
"810","P064144524","13","La 2−x Ba x CuO 4 with x = 0.11","10.2 K","","susceptibility"
"811","P064144524","14","single-crystal La 2−x Ba x CuO 4 with x = 0.11","17.8 K","","resistivity"
"812","P064144524","20","single-crystal La2−xBaxCuO4 with x = 0.11","below ∼ 30 K","",""
"813","P065104523","2","Sr 2 RuO 4","≈ 1 K","",""
"814","P068214517","1","Na 0.31(3) CoO 2 •1.25(2)D 2 O","4.5 K","",""
"817","P068214517","2","Na 0.3 CoO 2 •1.4H 2 O","4.5 K","",""
"817","P068214517","2","1/4≤x≤1/3",">2 K","",""
"817","P068214517","2","x≈0.3","4.5 K","",""
"820","P068214517","17","Na x CoO 2 •yD 2 O","4.5 K","",""
"820","P068214517","17","Na contents above x=1/3","~2 K","",""
"821","P068214517","18","Na concentration from 0.30 to 0.26","from 4.5 K to 2 K","",""
"822","P068214517","19","Na x CoO 2 •yD 2 O","4.5 K","",""
"823","P070020503","1","RbOs 2 O 6","6.4 K","",""
"824","P070020503","14","RbOs 2 O 6","6.37 ± 0.03","",""
"825","P070020503","16","RbOs 2 O 6","6.4 K","","specific heat"
"827","PHC1910237","2","Sr 2 Nd 1.5 Ce 0.5 NbCu 2 -O 10-δ","28 K","None","None"
"829","P072220505","2","MgB 2","39 K","",""
"829","P072220505","2","MgB 2","41.8 K","",""
"832","P072220505","10","poly- crystalline MgB 2","38.7 K","",""
"832","P072220505","10","poly- crystalline MgB 2","37.8 K","",""
"835","P072174508","1","RuSr2GdCu2O8","56 K","",""
"838","P072174508","2","RuSr 2 GdCu 2 O 8","60 K","","zero-field-cooled (ZFC)"
"838","P072174508","2","RuSr 2 EuCu 2 O 8","40 K","",""
"838","P072174508","2","RuSr 2 SmCu 2 O 8","12 K","",""
"843","P072174508","11","RuSr2GdCu2O8","39 K","",""
"843","P072174508","11","RuSr2GdCu2O8","56 K","",""
"844","P072174508","14","RuSr 2 GdCu 2 O 8","56 K","","resistivity"
"849","P072174508","19","YBa 2 Cu 3 O 7","93 K","",""
"849","P072174508","19","TlBa 2 CaCu 2 O 7","103 K","",""
"849","P072174508","19","x = 0.1","up to 65 K","",""
"849","P072174508","19","x = 0.4","72 K","",""
"850","PCS2739","1","Cd 2 Re 2 O 7","1.0 K","",""
"851","PCS2739","5","Cd 2 Re 2 O 7","1.0 K","",""
"853","P072180504","3","Ag 5 Pb 2 O 6","52.4 mK","",""
"854","P072180504","6","Ag 5 Pb 2 O 6","52.4 mK","","susceptibility"
"855","P072180504","7","Ag5Pb2O6","52.4 mK","","susceptibility"
"856","P072180504","12","tungsten","15.4 mK","",""
"857","P068100502","3","OD Tl 2 Ba 2 CuO 6+δ (Tl2201)","15K","",""
"860","P069014507","7","F e(Co or T i)-doped R-123 phase Y Sr 2 F e x Cu 1−x O 6+δ with x = 0.3","30−50K","",""
"860","P069014507","7","Y Sr 2 Cu 2.7 F e 0.3 O 7+δ","60K","",""
"860","P069014507","7","F eSr 2 Y Cu 2 O 7+δ","60K","",""
"861","P069014507","8","F e 0.5 Cu 0.5 BaSrY Cu 2 O 7+δ","77K","",""
"863","P069014507","16","HP-sample","83K","","R-T curve"
"863","P069014507","16","HP-sample","63K","","R-T curve"
"864","P069014507","19","F e 0.5 Cu 0.5 Sr 2 Y Cu 2 O 7+δ","77K","","M-T curve"
"865","P069014507","21","F e 0.5 Cu 0.5 BaSrY Cu 2 O 7+δ","60K","high pressure synthesis","annealed in air"
"866","P069014507","24","F eSr 2 Y Cu 2 O 7+δ","60K","",""
"868","P069014507","26","Y Sr 2 Cu 3 O 7−δ","30-80K","",""
"868","P069014507","26","Y Ba 2 Cu 3 O 7−δ","92K","",""
"869","PHB1480442","1","YBa2Cu307","90 K","",""
"871","PHB1480442","2","La2_x(Ba , Sr, Ca)xCuO4_y","40 K","None","None"
"871","PHB1480442","2","(RE)Ba2Cu30 7","above 90 K","None","None"
"873","PHB1480442","10","YBa2Cu3OT","91.0K","","resistivity"
"875","PHB1480442","16","YBa2Cu307","91.8 K","","specific heat"
"879","P071184510","12","y = 0.06","27.9K","","ρ(T)"
"879","P071184510","12","y = 0.06 and x = 0.20","32K","","ρ(T)"
"881","P071184510","20","optimally doped Bi-2212","62K","",""
"882","P071184510","29","pure Y123","93K","",""
"883","P072094504","2","MgB 2","39 K","ambient pressure","hydrostatic measurement"
"884","P072094504","4","lead","7.2K","0.15 GPa","T c shift measurement"
"884","P072094504","4","lead","7.2K","1.13 GPa","T c shift measurement"
"885","P072104504","1","RbOs2O6","6.3 K","","muon-spin-rotation (µSR) technique"
"886","P072104504","16","RbOs 2 O 6","6.33(1) K","",""
"890","P071104513","7","La 1.48 Nd 0.4 Sr 0.12 CuO 4","4.3 K","",""
"891","P071104513","9","La 1.48 Nd 0.4 Sr 0.12 CuO 4","3.5 K","ambient pressure","magnetic susceptibility"
"893","P071104513","17","La 1.48 Nd 0.4 Sr 0.12 CuO 4","22 K","5 GPa",""
"893","P071104513","17","La 1.88 Sr 0.12 CuO 4 polycrystalline","30 K","ambient pressure",""
"896","P071104513","18","La 1.64 Eu 0.2 Sr 0.16 CuO 4","10 K","0.3 GPa",""
"896","P071104513","18","La 1.64 Eu 0.2 Sr 0.16 CuO 4","17 K","0.3 GPa",""
"896","P071104513","18","La 1.64 Eu 0.2 Sr 0.16 CuO 4","22 K","~0.5 GPa",""
"897","P071104513","19","La 1.48 Nd 0.4 Sr 0.12 CuO 4","22 K","",""
"899","P071104513","22","La 1.6-x Nd 0.4 Sr x CuO 4","22 K","",""
"900","P068132504","2","two-dimensional CoO 2 layers in the com- pound Na 0.35 CoO 2 •yH 2 O","5 K","","Magnetic susceptibility mea- surements"
"901","P068132504","4","Na x CoO 2 •yH 2 O powder","4.7 K","","Magnetic susceptibility"
"902","P068132504","6","Na 0.35 CoO 2 •yH 2 O powder","4.2 K","1.53 GPa","None"
"903","P068132504","7","Na 0.35 CoO 2 •yH 2 O","4.7 K","",""
"906","P069184513","1","y = 0.993","89 K","",""
"906","P069184513","1","y = 0.77","75 K","",""
"906","P069184513","1","y = 0.52","56 K","",""
"907","P069184513","26","y=0.93","93 K","",""
"909","P069184513","36","YBa 2 Cu 3 O 6.60","59 K","",""
"909","P069184513","36","optimally doped sample of YBa 2 Cu 3 O 6.95","93 K","",""
"910","P070052502","0","Na x CoO 2 ⋅yH 2 O","4.5 K","","59 Co NQR"
"911","P070052502","3","Na x CoO 2 ⋅yH 2 O","~5 K","",""
"912","P070052502","4","Na x CoO 2 ⋅yH 2 O","4.5 K","",""
"913","P070052502","5","Na x CoO 2 ⋅yH 2 O","~4.5 K","","magnetic susceptibility"
"916","P071100502","4","PLCCO crystals","24 K","","Magnetic susceptibility"
"916","P071100502","4","PLCCO crystals","21 K","","Magnetic susceptibility"
"916","P071100502","4","PLCCO crystals","16 K","","Magnetic susceptibility"
"917","P071100502","9","Pr 1-x LaCe x CuO 4-δ","24 K","",""
"919","P071100502","10","PLCCO","16 K","",""
"919","P071100502","10","PLCCO","from 16 K to 21 K","",""
"923","P071100502","13","PLCCO","21 K","",""
"925","P071100502","15","PLCCO","24 K","","magnetic susceptibility"
"925","P071100502","15","PLCCO","21 K","","magnetic susceptibility"
"929","P072064520","1","La2C3","13 K","up to at least 30 GPa","angle-dispersive powder x-ray diffraction in a diamond anvil cell"
"930","P072064520","2","binary Y 2 C 3","18 K","",""
"932","P072064520","4","Y 2 C 3","18 K","None","x-ray powder diffraction"
"932","P072064520","4","La 2 C 3","up to 13.2 K","ambient pressure","synchrotron powder x-ray diffraction"
"935","P072064520","6","La 2 C 3","13.2 K","",""
"935","P072064520","6","La 2 C 3","11 K","",""
"938","P072064520","7","La 2 C 3","13.5","","resistivity"
"938","P072064520","7","La 2 C 3","13.5","","heat capacity"
"938","P072064520","7","La 2 C 3","13.5","","magnetic susceptibility"
"939","P072064520","14","cI16 phase of Li","10 K","",""
"940","P070054519","1","LiTi 2 O 4","~1 1.4 K","",""
"943","P070054519","3","LiTi 2 O 4","~1 2 K","","specific heat"
"943","P070054519","3","LiTi 2 O 4","~1 2 K","","magnetic susceptibility"
"943","P070054519","3","LiTi 2 O 4","~1 2 K","","resistivity"
"943","P070054519","3","polycrystalline BaPb 1-x Bi x O 3","~1 2 K","","specific heat"
"944","P070054519","4","LiTi 2 O 4","~11.4 K","","specific heat"
"945","P070054519","7","LiTi 2 O 4","11.4 K","",""
"948","P070054519","14","Cd 2 Re 2 O 7","1 K","",""
"948","P070054519","14","Na 0.35 CoO 2 ．1.3H 2 O","5 K","",""
"948","P070054519","14","KOs 2 O 6","9 K","",""
"949","P071134526","3","Sr 0.9 M 0.1 CuO 2 (M = La, Gd)","43 K","",""
"950","P071134526","5","Sr0.9La0.1CuO2","43K","","Change in resonant frequency ∆f of the TDO tank circuit"
"953","P071134526","8","Sr 0.9 La 0.1 CuO 2","43 K","","M (T )"
"953","P071134526","8","Sr 0.9 Gd 0.1 CuO 2","43 K","","M (T )"
"953","P071134526","8","Sr 0.9 Gd 0.1 CuO 2","43 K","","C(T )"
"955","P068064507","1","middle R ions (Sm and Eu)","18-23 K","",""
"957","P068064507","2","Ru-1222","32-50 K","",""
"957","P068064507","2","M-1222 (M= Nb and Ta)","∼28-30 K","",""
"958","P068064507","3","middle R=Sm and Eu","18-23 K","",""
"960","P068064507","8","Mo-1222Eu","23 K","","ac"
"960","P068064507","8","R=Sm","18","",""
"961","P068064507","11","Mo-1222 (Mo 5+ )","20 K","",""
"965","PHC1580178","7","Nd 1:85 Ce 0:15 CuO 4","24 K","","resistivity"
"965","PHC1580178","7","Nd 2 CuO 4","25 K","","resistivity"
"966","P072214523","8","ZrZn 2","0.6 K","","resistivity"
"967","P072214523","12","ZrZn2","0.6 K","","relaxation method"
"968","P072214523","22","Al films of thickness 250Å","1.7 K","",""
"969","P068132507","1","Na0.35CoO2•1.3H2O","4.6 K","","magnetization"
"970","P068132507","2","Na 0.35 CoO 2 •1.3H 2 O","≃5 K","",""
"972","P068132507","14","Na 0.35 CoO 2 •1.3H 2 O","4.6 K","",""
"973","P072224509","1","ZrB12","6.0 K","0","Magnetization"
"974","P072224509","4","in- dium","3.4 K","p = 0","magnetization measurements"
"975","P072224509","8","ZrB 12","6.09(2) K","None","None"
"976","P069174506","1","La2CuO4.11","43 K","",""
"977","P069174506","3","Oxygen-doped La 2 CuO 4+y","43 K","",""
"981","P069174506","9","stage-4 phase","43 K","","magnetization"
"981","P069174506","9","stage-6 phase","32 K","","magnetization"
"982","P069174506","12","La 2 CuO 4.11 single crystal","43 K","","specific heat"
"983","P069174506","19","La 2 CuO 4.11","42-43 K","","specific heat"
"989","P072014504","9","Pb-free series with x = 0.33","18 K","",""
"989","P072014504","9","additional Pb doping with x = 0.36","34 K","",""
"989","P072014504","9","Samples without La","6 K","",""
"989","P072014504","9","Pb-doped","12 K","",""
"991","P072014504","16","Pb-free","17 K","",""
"991","P072014504","16","Pb- doped","34 K","",""
"997","P070214505","4","x=0.22","27.4K","","susceptibility"
"997","P070214505","4","x=0.15","36.1K","","susceptibility"
"997","P070214505","4","p = 0.069","12K","","susceptibility"
"997","P070214505","4","x = p = 0.063","9 K","","susceptibility"
"998","P070214505","12","x = 0.22","27.4 K","",""
"999","P070214505","28","La 2−x Sr x CuO 4 (p = 0.069)","12 K to 9 K","",""
"1002","P068180505","2","Na 0.35 CoO 2 •1.35H 2 O","near 4 K","",""
"1002","P068180505","2","three-layer Na 0.30 CoO 2 ⋅1.3H 2 O","4.3 K","",""
"1003","P068180505","9","three-layer Na 0.30 CoO 2 •1.3H 2 O","range of 3K","",""
"1005","PHC4030200","2","B 0.63 K 0.37 BiO 3","31 K","",""
"1007","PHC3200009","1","Bi2Sr2CaCu2O 8+δ","86 K","",""
"1010","PHC3200009","6","optimally- doped Tl 2 Ba 2 CuO 6 crystals (Tl-2201)","91 K","",""
"1010","PHC3200009","6","Tl-2201 crystals","86 K","",""
"1011","PHC3200009","7","Tl-2201","91 K","",""
"1012","PHC3200009","11","Tl-2201 crystals","86 K","",""
"1017","PHC3200009","19","optimally-doped Bi-2212","93-95 K","",""
"1017","PHC3200009","19","Tl-2201","86 K","",""
"1017","PHC3200009","19","Tl-2201","91 K","",""
"1017","PHC3200009","19","Bi-2212 is annealed in air","∼86 K","",""
"1017","PHC3200009","19","Air annealed Tl-2201","∼82 K","",""
"1019","PHC3200009","21","Tl-2201","86 K","",""
"1019","PHC3200009","21","single crystals of Tl-2201","86 K","",""
"1019","PHC3200009","21","Tl-2201","91 K","",""
"1021","PHC3411655","4","PCCO","19 K","",""
"1021","PHC3411655","4","NCCO","24 K","",""
"1022","PHC3410729","1","Ba0.63K0.37BiO3 single crystal","31 K","None","None"
"1023","PHC3410729","2","Ba 1−x K x BiO 3 (BKBO)","30 K","",""
"1024","PHC3410729","3","Ba 0.63 K 0.37 BiO 3 single crystal","31 K","None","None"
"1026","PHC3830337","15","RuSr 2 GdCu 2 O 8","42 K","",""
"1030","PHC2640145","1","Hg0.45Pb0.30Ba1.63Sr0.50Ca1.94Cu3O8","128 K","",""
"1030","PHC2640145","1","Hg0.42Pb0.41Ba1.19Sr1.06Ca1.97Cu3O8","125 K","",""
"1030","PHC2640145","1","Hg0.50Pb0.50Ba0.59Sr1.24Ca1.83Cu3.34O8","116 K","",""
"1030","PHC2640145","1","Hg0.34Pb0.54Ba0.61Sr1.17Ca1.88Cu3O8","115 K","",""
"1032","PHC4210001","1","Y-123","88 K","",""
"1032","PHC4210001","1","Y-123","93 K","",""
"1034","PHC4210001","3","well-oxygenated polycrystal","92-93 K","",""
"1034","PHC4210001","3","fully oxygenated Y-123 with y > 6.99","87-89 K","",""
"1035","PHC4210001","18","Sample A1","93 K","",""
"1036","PHC4210001","23","Sample B1","88 K","",""
"1038","PHC4210001","24","B2","93.5 K","",""
"1038","PHC4210001","24","B3","93.5 K","",""
"1039","PHC4210001","28","y = 6.99","87 K","",""
"1040","PHC4200023","1","Sr 2 CuO 2+ Cl 2-y","30K","",""
"1041","PHC4200023","5","(Sr,Ca) 3 Cu 2 O 4+ Cl 2-y","80K","high pressure","apical oxygen doping"
"1042","PHC4200023","8","Sr 2 CuO 2+ Cl 2-y","30 K","",""
"1046","PHC4200023","14","y = 0.8","33","",""
"1046","PHC4200023","14","1.0","20","",""
"1046","PHC4200023","14","1.4","30K","",""
"1046","PHC4200023","14","y=1.4","36K","",""
"1047","PHC4200023","15","oxygen doped Cl-0201 phase Sr 2 CuO 2+ Cl 2-y","30 K","",""
"1048","PHC4200023","16","Cl-0201 type Sr 2 CuO 2+ Cl 2-y","30 K","6.0GPa","DC susceptibility and resistivity measurements"
"1049","PHC4200023","21","Sr 2 CuO 2+ Cl 1.2","30K","","DC magnetic susceptibility"
"1052","PHC4020152","3","Hg-2212, x ∼ 0.15","40 K","",""
"1052","PHC4020152","3","Hg-2212, x ∼ 0.40","70 K","",""
"1052","PHC4020152","3","Hg-2212","82-84 K","",""
"1053","PHC4020152","4","optimally doped (Hg,Pb)-2212","82-84 K","below 20 GPa",""
"1055","PHC4020152","28","y = 0","0 K","",""
"1055","PHC4020152","28","y = 1.0","42 K","",""
"1062","PHC4020152","32","Hg 2 (Ba 0.5 Sr 0.5 ) 2 YCu 2 O 8−δ","32 K","",""
"1062","PHC4020152","32","Hg 2 Sr 2 YCu 2 O 8−δ","42 K","",""
"1062","PHC4020152","32","Hg 2 Ba 2 (Y 0.80 Ca 0.20 )Cu 2 O 8−δ","21 K","",""
"1067","PHC4170033","1","x=0.60","20 K","",""
"1067","PHC4170033","1","x = 0.80","5","",""
"1067","PHC4170033","1","1.00","14 K","",""
"1067","PHC4170033","1","x = 0.8","11 K","",""
"1067","PHC4170033","1","1.00","16 K","",""
"1070","PHC4170033","10","x = 0.60","around 20 K","",""
"1070","PHC4170033","10","1.0","14 K","",""
"1070","PHC4170033","10","x = 0.80","5 K","",""
"1074","PHC4170033","11","x = 0.80","5 K","",""
"1074","PHC4170033","11","x = 1.00","14 K","",""
"1076","PHC4170033","12","x = 0.80","11 K","",""
"1076","PHC4170033","12","1.00","16 K","",""
"1078","PHC3660299","14","La-112","43 K","",""
"1079","PHC3660299","16","La-112","42.6 K","",""
"1080","PHC3660299","24","Sr0.9La0.1CuO2","42.6 K","",""
"1081","JPS0731297","3","layered cobalt oxide Na z CoO 2 ⋅yH 2 O ( z~0.3 and y~1.3)","~4.5 K","",""
"1082","JPS0731131","1","Na0.35CoO2•1.3H2O single crystal","4.5 K","","resistivity"
"1083","JPS0731131","3","Na 0.35 CoO 2 •1.3H 2 O","5 K","",""
"1085","JPS0731131","8","single crystal of Na 0.35 CoO 2 •1.3H 2 O","3.9 K","",""
"1085","JPS0731131","8","single crystal of Na 0.35 CoO 2 •1.3H 2 O","4.5 K","",""
"1089","JP01103169","8","x=0.1","∼87 K","",""
"1090","JPS0722453","1","Na x CoO 2 ⋅yH 2 O","4.5 K","","59 Co-NMR"
"1091","JPS0722453","6","Na x CoO 2 ⋅yH 2 O","~4.5 K","",""
"1092","JPS0722453","7","Na x CoO 2 ⋅yH 2 O","~4.5 K","",""
"1093","JPS0710709","2","Cd 2 Re 2 O 7","1 ∼ 2 K","","specific heat"
"1096","JPS0731655","1","CsOs 2 O 6","3.3 K","",""
"1096","JPS0731655","1","KOs 2 O 6","9.6 K","",""
"1096","JPS0731655","1","RbOs 2 O 6","6.3 K","",""
"1099","JPS0731655","3","Cd 2 Re 2 O 7","1.0 K","",""
"1099","JPS0731655","3","RbOs 2 O 6","6.3 K","",""
"1099","JPS0731655","3","KOs 2 O 6","9.6 K","",""
"1101","JPS0731655","4","Cd 2 Re 2 O 7","1.0 K","",""
"1101","JPS0731655","4","RbOs 2 O 6","6.3 K","",""
"1101","JPS0731655","4","KOs 2 O 6","9.6 K","",""
"1106","JPS0731655","5","RbOs 2 O 6","3.2 K","","magnetic susceptibility"
"1106","JPS0731655","5","CsOs 2 O 6","3.3 K","","magnetic susceptibility"
"1106","JPS0731655","5","KOs 2 O 6","9.6 K","","magnetic susceptibility"
"1107","JPS0731655","9","CsOs 2 O 6","3.3 K","",""
"1110","JPS0730819","1","RbOs 2 O 6","6.3 K","","specific heat"
"1110","JPS0730819","1","RbOs 2 O 6","6.3 K","","Resistivity"
"1110","JPS0730819","1","RbOs 2 O 6","6.3 K","","magnetic susceptibility"
"1113","JPS0730819","3","Cd 2 Re 2 O 7 (Re 5+ : 5d 2 )","1 K","",""
"1113","JPS0730819","3","KOs 2 O 6","9.6 K","",""
"1113","JPS0730819","3","RbOs 2 O 6","6.3 K","",""
"1116","JPS0730819","8","RbOs 2 O 6","6.3 K","","resistivity"
"1116","JPS0730819","8","RbOs 2 O 6","6.1 K","","resistivity"
"1116","JPS0730819","8","RbOs 2 O 6","6.5 K","","resistivity"
"1117","JPS0730819","9","RbOs 2 O 6","6.3 K","","resistivity"
"1117","JPS0730819","9","RbOs 2 O 6","6.1 K","","resistivity"
"1117","JPS0730819","9","RbOs 2 O 6","6.5 K","","resistivity"
"1119","JPS0730819","10","RbOs 2 O 6","6.3 K","","resistivity"
"1119","JPS0730819","10","RbOs 2 O 6","6.1 K","","resistivity"
"1119","JPS0730819","10","RbOs 2 O 6","6.5 K","","resistivity"
"1120","JPS0730819","12","RbOs 2 O 6","6.3 K","",""
"1121","JPS0731123","5","La 1.64 Eu 0.2 Sr 0.16 CuO 4 single crystals","10 K","ambient pressure","resistivity"
"1122","JPS0731123","9","underdoped La 2−x Sr(Ba) x CuO 4 thin films","up to 50 K","None","None"
"1123","EPL0490086","1","slightly overdoped Bi 2 Sr 2 CaCu 2 O 8-x (Bi2212) single crystals","87 -90 K","","electron-tunneling spectroscopy"
"1124","EPL0490086","6","Bi 2 Sr 1.9 CaCu 1.8 O 8+x","87 -90 K","","magnetization"
"1126","EPL0490086","7","overdoped Bi2212 single crystal","88.5 K","",""
"1126","EPL0490086","7","overdoped Bi2212 single crystal","88 K","",""
"1127","EPL0490086","9","Bi2223","110 K","",""
"1129","EPL0490086","10","Bi2212","90 K","","SIN tunneling technique"
"1129","EPL0490086","10","slightly overdoped Bi2212","84 K","","SIN tunneling technique"
"1135","JPS0732912","2","Cd 2 Re 2 O 7","1.0 K","None","None"
"1135","JPS0732912","2","AOs 2 O 6 (A = K, Rb, Cs)","9.6 K","None","None"
"1135","JPS0732912","2","AOs 2 O 6 (A = K, Rb, Cs)","6.3 K","None","None"
"1135","JPS0732912","2","AOs 2 O 6 (A = K, Rb, Cs)","3.3 K","None","None"
"1135","JPS0732912","2","Cd 2 Re 2 O 7","3.0 K","2 GPa","diamagnetic"
"1139","JPS0723041","1","NaxCoO2","4.7 K","","Co NQR studies"
"1139","JPS0723041","1","bilayer-hydrate","4.7 K","","Co NQR studies"
"1140","JPS0723041","3","Na x CoO 2 ·yH 2 O (x ∼ 0.35, y ∼ 1.3)","5 K","",""
"1141","JPS0723041","6","bilayer-hydrate Na x CoO 2 ·yH 2 O","4.7 K","",""
"1142","JPS0723041","12","Sr 2 RuO 4","5.5 K","",""
