id,filename,par_id,material,Tc,pressure,me_method
0,PR06014617-CC,4,x = 0.10,30,,
1,PR06014617-CC,4,0.15,37.7,,
2,PR06014617-CC,4,0.20,36,,
3,PR06014617-CC,4,0.22,27.5,,
4,PR06014617-CC,4,0.24,20.3,,
5,PR06014617-CC,4,Hg-1201,60K,,
6,PR06014617-CC,4,Hg-1201,35K,,
7,PR06114956-CC,5,z=0.39,36 K,,
8,PR06114956-CC,8,BSLCO crystals,36 K,,
9,PR06114956-CC,17,BSLCO,36 K,,
10,PR05003221-CC,3,x=0.15,38 K,ambient pressure,
11,PR05003221-CC,3,x=0.15,42K,∼2 GPa,
12,PR05713422-CC,2,slightly overdoped HgBa 2 CuO 4+δ (Hg-1201),93 K,,
13,PR05713422-CC,2,slightly underdoped HgBa 2 Ca 2 Cu 3 O 8+δ (Hg-1223),135 K,,
14,PR05713422-CC,3,YBCO 7,92 K,,susceptibility
15,PR05713422-CC,3,YBCO 6.7,66 K,,
16,PR05713422-CC,3,YBCO 6.57,56 K,,
17,PR05713422-CC,3,YBCO 6.57,66 K,,susceptibility
18,PR05713422-CC,3,YBCO 6.57,56 K,,susceptibility
19,PR05713422-CC,3,YBCO 6.57,56 K,,susceptibility
20,PR05514152-CC,4,Bi 2 Sr 2 CuO 6,< 10 K,,
21,PR05514152-CC,6,Bi 2 Sr 2 Cu0 6 single crystals,7-8 K,,resistivity
22,PR05514152-CC,6,Bi 2 Sr 2 Cu0 6 single crystals,7-8 K,,susceptibility
23,PR05814617-CC,3,Y- 123,60K,,
24,PR05814617-CC,4,(189 and 259) were grown in Al 2 O 3 crucibles,72K,,
25,PR05814617-CC,4,"third crystal (315), grown in Y 2 O 3",80K,,
26,PR05814617-CC,5,Y-123,92K,,
27,PR05814617-CC,5,Y-123,92K,,
28,PR05814617-CC,10,Y-123,92K,,
29,PR06103808-CC,2,nearly opti- mally doped HgBa 2 CuO 4+x,96K,,
30,PR06103808-CC,2,slightly over- doped HgBa 2 CuO 4+x,93K,,
31,PR06103808-CC,5,HgBa 2 CuO 4+x (x=0.10,60 K,,
32,PR06103808-CC,8,p ∼ 0.09,60K,,
33,PR06103808-CC,8,0.18,96K,,
34,PR06103808-CC,8,Hg-1201,96K,,
35,PR06103808-CC,9,Hg-1201,96K,,
36,PR04310568-CC,2,"fully doped orthorhombic RBa 2 Cu 3 O 7−y (R=Y, rare earth)",90 K,,
37,PR06013094-CC,3,,3.4K,0,
38,PR05809504-CC,1,"oxygen-deficient, fluorine-free polycrystalline samples with nominal chemical formula NdFeAsO 1-y",53 K,,
39,PR05809504-CC,2,LaFeAs(O 1-x F x ),26 K,,
40,PR05809504-CC,2,oxygen-deficient NdFeAsO 1-y,54 K,,
41,PR05809504-CC,11,1-y=0.75 and 0.70,50 K,,magnetic susceptibility
42,PR05809504-CC,11,1-y=0.80,35 K,,
43,PR05809504-CC,11,"oxygen-deficient, fluorine-free NdFeAsO 1-y",35 K,,magnetic susceptibility
44,PR05809504-CC,13,1-y*=0.94,53 K,,
45,PR05809504-CC,14,"oxygen-deficient, fluorine-free NdFeAsO 1-y",53 K,,
46,PR06100107-CC,1,La2−xSrxCuO4,38K,ambient pressure,
47,PR06100107-CC,1,La2−xSrxCuO4,51.6K,8GPa,
48,PR06100107-CC,12,x = 0.15,38 K,ambient P,
49,PR06100107-CC,12,x = 0.15,51.6 K,8 GPa,
50,PR06100107-CC,12,LSCO,51.6K,8 GPa,
51,PR06100107-CC,19,LSCO,51.6 K,8 GPa,
52,PR0446999-CC,1,x = 0.5,32 K,,specific heat
53,PR0446999-CC,2,Eu 0.5 K 0.5 Fe 2 As 2,32 K,,
54,PR0446999-CC,3,EuFe 2 As 2,29 K,2 GPa,
55,PR05914099-CC,1,RuSr2GdCu2O8,16 K,,magnetization
56,PR05914099-CC,2,Sr 2 RuO 4,1.5 K,,
57,PR05914099-CC,3,1212-type RuSr 2 GdCu 2 O 8,15-40,,
58,PR05914099-CC,4,RuSr 2 GdCu 2 O 8,16 K,,
59,PR05914099-CC,8,RuSr 2 GdCu 2 O 8,16 K,,resistivity
60,PR05914099-CC,11,RuSr 2 GdCu 2 O 8,16 K,,magnetization
61,PR05914099-CC,11,RuSr 2 GdCu 2 O 8,16 K,,magnetisation
62,PR05914099-CC,13,RuSr2GdCu2O8,16 K,,magnetization
63,PR05914099-CC,23,RuSr 2 GdCu 2 O 8,16 K,,
64,PR05914099-CC,27,RuSr 2 GdCu 2 O 8,16 K,,magnetization
65,PR05511832-CC,17,T l 0.5 P b 0. 5 Sr 2 Ca 1−x Y x Cu 2 O 7,105.1K,,Numerical calculation
66,PR06015055-CC,6,pure crystals,≃75 K,,
67,PR05907184-CC,3,x = 0.17,40 K,,
68,PR05907184-CC,3,x = 0.34,0,,
69,PR05907184-CC,5,La1.86Sr0.14CuO4,36 K,,
70,PR05907184-CC,8,Sr x = 0.14,36 K,,
71,PR05907184-CC,8,x = 0.13,32 K,,
72,PR05907184-CC,8,x = 0.17,40 K,,
73,PR05907184-CC,25,under- doped La 2−x Sr x CuO 4,32 K,,
74,PR06006991-CC,3,Bi 2 Sr 2−x La x CuO 6 with x≃0.4,30 K,,
75,PR06006991-CC,5,x=0.24,24,,
76,PR06006991-CC,5,0.30,30,,
77,PR06006991-CC,5,0.44,33,,
78,PR06006991-CC,5,0.57,28.5,,
79,PR06006991-CC,5,0.66,20,,
80,PR06006991-CC,5,BSLCO,33 K,,
81,PR06006991-CC,12,Tl-2201,85 K,,
82,PR04909084-CC,3,x > 0.22,200 mK,,
83,PR06114350-CC,4,x=0,28.7,,resistivity
84,PR06114350-CC,4,0.01,21.2,,
85,PR06114350-CC,4,0.02,17.4,,
86,PR06114350-CC,4,0.02,21.2,,resistivity
87,PR06114350-CC,4,0.02,17.4,,resistivity
88,PR06114350-CC,4,0.02,17.4,,resistivity
89,SST01600L7-CC,2,x = 0.15,38 K,,
90,SST01600L7-CC,7,x = 0.063,11K,,SQUID magnetometer
91,SST01600L7-CC,7,x = 0.125,31K,,
92,SST01600L7-CC,7,x = 0.125,31K,,SQUID magnetometer
93,PhysRevX.9.021044-CC,4,Sr 2 RuO 4,from 1.4 to 3.5 K,,
94,PhysRevX.9.021044-CC,7,Single-crystalline Sr 2 RuO 4,1.44 K,,specific heat
95,EPL0580589,1,overdoped Bi2Sr2CaCu2O 8+δ,56 K,,
96,EPL0580589,4,Bi-2212,56 K,,
97,EPL0580589,8,underdoped Bi-2212,77 K,,
98,EPL0580589,9,overdoped Bi-2212,74 K,,
99,EPL0580589,10,underdoped and overdoped Bi-2212,82 K,,
100,EPL0580589,10,underdoped and overdoped Bi-2212,82 K,,
101,EPL0580589,10,underdoped and overdoped Bi-2212,56 K,,
102,EPL0580589,10,underdoped and overdoped Bi-2212,56 K,,
103,EPL0580589,11,overdoped Bi-2212,56 K,,
104,EPL0580589,12,overdoped Bi-2212,48 K,,
105,EPL0580589,12,overdoped Bi-2212,55 K,,
106,EPL0580589,19,overdoped Bi-2212,56 K,,magnetization
107,EPL0580589,19,underdoped Bi-2212,77 K,,
108,Tanaka_etal_2017-CC,1,CeOBiS2,1.3 K,,Resistivity
109,Tanaka_etal_2017-CC,1,non-doped CeOBiS2,up to ~3.8 K,,
110,Tanaka_etal_2017-CC,18,CeOBiS2,~1.3 K,,resistivity
111,Tanaka_etal_2017-CC,19,"Ce(O,F)BiS2",3.1 K,,
112,Tanaka_etal_2017-CC,21,CeOBiS2,3.2 K,1.62 GPa,
113,Tanaka_etal_2017-CC,21,CeOBiS2 crystals,1.5 K,,resistivity
114,Tanaka_etal_2017-CC,22,CeOBiS2,3.8 K,1.62 GPa,resistivity
115,Tanaka_etal_2017-CC,22,CeOBiS2,1.5 K,ambient pressure,resistivity
116,Tanaka_etal_2017-CC,25,CeOBiS2 crystals,1.3 K,ambient pressure,resistivity
117,Tanaka_etal_2017-CC,25,CeOBiS2 crystals,3.8 K,,resistivity
118,Tanaka_etal_2017-CC,36,CeOBiS2 crystals,1.3 K,,resistivity
119,Drozdov_etal_2015,0,,203 kelvin,high pressures,
120,Drozdov_etal_2015,1,sulfur hydride,80 kelvin,,predicted
121,Drozdov_etal_2015,1,,133 kelvin,ambient pressure,
122,Drozdov_etal_2015,1,,164 kelvin,high pressures,resistance
123,Drozdov_etal_2015,1,,203 kelvin,,resistivity
124,Drozdov_etal_2015,1,,203 kelvin,,magnetic sus- ceptibility
125,Drozdov_etal_2015,2,MgB 2,39 K,,
126,Drozdov_etal_2015,3,molecular hydrogen,100-240 K,,calculations
127,Drozdov_etal_2015,3,molecular hydrogen,300-350 K,500 GPa,
128,Drozdov_etal_2015,4,H 2 S,< 80 K,< 100 GPa,
129,Drozdov_etal_2015,7,,203(1) K,,magnetic susceptibility
130,Drozdov_etal_2015,7,,203.5 K,,magnetization
131,Drozdov_etal_2015,9,H 2 S,< 80 K,,calculations
132,Drozdov_etal_2015,9,H 2 S,< 80 K,,calculations
133,Drozdov_etal_2015,9,H 3 S,<200 K,,
134,Drozdov_etal_2015,9,H 3 S,< 190 K,,predicted
135,Drozdov_etal_2015,9,H 3 S,200 K,,prediction
136,Drozdov_etal_2015,9,H 3 S,190 K,,calculated
137,Drozdov_etal_2015,10,H 3 S,203 K,,
138,Drozdov_etal_2015,20,sulfur hydride,170 K,145 GPa,resistance
139,Drozdov_etal_2015,20,sulfur hydride,250 K,,resistance
140,Drozdov_etal_2015,20,sulfur hydride,195 K,,
141,Drozdov_etal_2015,20,sulfur hydride,195 K,,
142,Drozdov_etal_2015,22,,185 K,,resistance
143,Drozdov_etal_2015,23,sulfur hydride,203(1) K,155 GPa,magnetization
144,Drozdov_etal_2015,23,sulfur hydride,203 K,155 GPa,susceptibility
145,Drozdov_etal_2015,23,sulfur hydride,203.5 K,,magnetization
146,Drozdov_etal_2015,23,,195 K,145 GPa,Resistivity
147,Drozdov_etal_2015,23,,203(1) K,high pressures,magnetization
148,Drozdov_etal_2015,23,,203 K,145 GPa,susceptibility
149,Drozdov_etal_2015,25,sulfur hydride,< 60 K,143 GPa,resistance
150,Drozdov_etal_2015,25,sulfur hydride,185 K,,resistance
151,Drozdov_etal_2015,25,sulfur hydride,22 K,,
152,Drozdov_etal_2015,25,sulfur hydride,22 K,143 GPa,
153,Drozdov_etal_2015,25,,< 60 K,145 GPa,resistance
154,L088227002-CC,1,doped Sr 0.9 La 0.1 CuO 2,43 K,,
155,L088227002-CC,2,Sr 0.9 La 0.1 CuO 2,43 K,,
156,L088227002-CC,3,SLCO,43 K,,Magnetization studies
157,L088227002-CC,3,1% Zn-SLCO,43 K,,Magnetization studies
158,L088227002-CC,3,1% Ni-SLCO,32 K,,
159,L088227002-CC,3,doped YBa 2 Cu 3 O 72d,32 K,,Magnetization studies
160,L088227002-CC,16,doped YBa 2 Cu 3 O 72d,92.5 6 0.5 K,,
161,SSC1310125-CC,1,Na 0.22 H 0.1 CoO 2 • 0.85H 2 O,4.4 K,,
162,SSC1310125-CC,3,"Na x CoO 2 • yH 2 O (x ≈ 0.35, y ≈ 1.3)",5 K,,
163,SSC1310125-CC,3,"Na x CoO 2 • yH 2 O (x ≈ 0.35, y ≈ 1.3)",4.4 K,,
164,SSC1310125-CC,17,Na 0.22 H 0.1 CoO 2 • 0.85H 2 O,4.5 K,,susceptibility
165,SSC1310125-CC,17,Na 0.22 H 0.1 CoO 2 • 0.85H 2 O,4.4 K,,
166,SSC1310125-CC,17,Na 0.22 H 0.1 CoO 2 • 0.85H 2 O,4.4 K,,
167,SSC1310125-CC,17,Na 0.22 H 0.1 CoO 2 • 0.85H 2 O,4.4 K,,
168,SSC1310125-CC,22,Na 0.22 H 0.1 CoO 2 • 0.85H 2 O,4.4 K,,susceptibility
169,L093156802-CC,2,CaC 6,11.5 K,,
170,L093156802-CC,4,CaC 6,11.4 K,,
171,L095167004-CC,1,"AOs 2 O 6 (A = Cs, Rb, K)",7.6 K,6 GPa,resistivity
172,L095167004-CC,1,"AOs 2 O 6 (A = Cs, Rb, K)",8.2 K,2 GPa,
173,L095167004-CC,1,"AOs 2 O 6 (A = Cs, Rb, K)",10 K,,
174,L095167004-CC,1,"AOs 2 O 6 (A = Cs, Rb, K)",10 K,0.6 GPa,
175,L095167004-CC,2,"AOs 2 O 6 (A = Cs, Rb, K)",3.3 K,,
176,L095167004-CC,2,"AOs 2 O 6 (A = Cs, Rb, K)",6.3 K,,
177,L095167004-CC,2,"AOs 2 O 6 (A = Cs, Rb, K)",9.6 K,,
178,L095167004-CC,2,"AOs 2 O 6 (A = Cs, Rb, K)",9.6 K,,
179,L095167004-CC,5,Cd 2 Re 2 O 7,1 K,,
180,L095167004-CC,8,CsOs 2 O 6,3.3 K,,resistivity
181,L095167004-CC,8,CsOs 2 O 6,5.0 K,2 GPa,
182,L095167004-CC,8,CsOs 2 O 6,7.6 K,,
183,L095167004-CC,8,CsOs 2 O 6,7.6 K,6 GPa,
184,L095167004-CC,8,CsOs 2 O 6,3.7 K,,
185,L095167004-CC,8,CsOs 2 O 6,3.7 K,,
186,L095167004-CC,8,CsOs 2 O 6,3.7 K,10 GPa,
187,L095167004-CC,9,RbOs 2 O 6,8.2 K,2 GPa,resistivity
188,L095167004-CC,9,KOs 2 O 6,9.6 K,AP,
189,L095167004-CC,9,,from 6.3 K,AP,magnetization
190,L095167004-CC,9,,8.2 K,2.0 GPa,
191,L095167004-CC,9,,5.7 K,4.0 GPa,
192,L095167004-CC,9,"AOs 2 O 6 (A = Cs, Rb, K)",8.2 K,,resistivity
193,L095167004-CC,21,"AOs 2 O 6 (A = Cs, Rb, K)",3.3 K,,magnetization
194,L095167004-CC,21,"AOs 2 O 6 (A = Cs, Rb, K)",6.3 K,,
195,L095167004-CC,21,"AOs 2 O 6 (A = Cs, Rb, K)",9.6 K,,
196,L095167004-CC,21,"AOs 2 O 6 (A = Cs, Rb, K)",9.6 K,,resistivity
197,L094047001-CC,5,CeCoIn 5,2.3 K,,
198,L094037007-CC,1,CeIrIn5,0.8 K,2.1 GPa,
199,L094037007-CC,2,CeIrIn 5,0.4 K,0,
200,L094037007-CC,2,CeCoIn 5,2.3 K,0,
201,L094037007-CC,2,CeRhIn 5,2 K,1.GPa,
202,L094037007-CC,3,CeRhIrIn 5,up to 1 K,,
203,L094037007-CC,3,CeIrIn 5,1 K,3 GPa,
204,L094037007-CC,6,CeIrIn 5,0.4 K,0 GPa,
205,L094037007-CC,14,CeIrIn 5,0.8 K,2.1 GPa,
206,L093157004-CC,1,RbOs 2 O 6,6.3 K,0,magnetization
207,L093157004-CC,2,KOs 2 O 6,9.6 K,,
208,L093157004-CC,2,CdRe 2 O 7,1 K,,
209,L093157004-CC,2,RbOs 2 O 6,6.3 K,,
210,L093157004-CC,2,CsOs 2 O 6,3.3 K,,
211,L093157004-CC,6,In,3.4 K,0,magnetization
212,L093157004-CC,6,In,3.4 K,0,magnetization
213,L090137002-CC,4,underdoped Bi 2 Sr 2 CaCu 2 O 8+δ,70 K,,
214,Li_2018_Supercond._Sci._Technol._31_085001,4,Zr 5 Sb 3,∼2.3 K,,
215,Li_2018_Supercond._Sci._Technol._31_085001,9,Ge site doped sample Zr 5 Ge 2.5 Pt 0.5,2.8 K,,electrical resistivity
216,Li_2018_Supercond._Sci._Technol._31_085001,10,Zr 5 Pt 3,7.2 K,,
217,Li_2018_Supercond._Sci._Technol._31_085001,12,Zr 5 Ge 2.8 Pt 0.2,2.6 K,,resistivity
218,Li_2018_Supercond._Sci._Technol._31_085001,12,Zr 5 Ge 2 Pt,3.5 K,,
219,Li_2018_Supercond._Sci._Technol._31_085001,12,Zr 5 Ge 2.5 Pt 0.5,3.5 K,,resistivity
220,Li_2018_Supercond._Sci._Technol._31_085001,13,Zr 5 Ge 2.5 Pt 0.5,below 2.8 K,,magnetic susceptibility
221,Li_2018_Supercond._Sci._Technol._31_085001,13,Zr 5 Ge 2.5 Pt 0.5,2 K,,magnetic susceptibility
222,Li_2018_Supercond._Sci._Technol._31_085001,14,Zr 5 Pt 3,7.2 K,,
223,Li_2018_Supercond._Sci._Technol._31_085001,15,Zr 5 Sb 3,2.3 K,,
224,Li_2018_Supercond._Sci._Technol._31_085001,16,Zr 5 Ge 2.5 Pt 0.5,2.5 K,,specific heat
225,Li_2018_Supercond._Sci._Technol._31_085001,18,Zr 5 Ge 2.5 Pt 0.5,∼2.8 K,,
226,SSC1280097-CC,1,x = 0.5 (La-2125 stoichiometry),58 K,,
227,SSC1280097-CC,4,x = 0.5,78 K,,
228,SSC1280097-CC,13,La-2125,78K,,
229,EPL0410207-CC,4,single-crystalline Ba 1−x K x BiO 3,23 K,,
230,EPL0410207-CC,4,Ba 1−x K x BiO 3 single crystal,23 K,,
231,EPL0410207-CC,13,Ba 1−x K x BiO 3 crystal,31 K,,
232,L094047006-CC,1,x=0.40,32 K,,
233,L094047006-CC,6,Bi 2 Sr 2 CuO 6.36,8 K,,
234,L094047006-CC,6,x=0.4,32 K,,
235,L094047006-CC,11,x opt =0.40,32 K,,suscepti- bility
236,L094047006-CC,15,x ≤0.40,8 ∼32 K,,
237,L094047006-CC,16,Bi2Sr2CuO 6+δ,8 K,,
238,L094047006-CC,16,x=0,8 K,,
239,L091217001-CC,18,Na x CoO 2 • yH 2 O,4 K,,
240,L091217001-CC,20,Na x CoO 2 • yH 2 O,4.2 and 4.6 K,,
241,L094127001-CC,5,Sr 0.9 La 0.1 CuO 2,43 K,,
242,L094127001-CC,5,Sr 0.9 La 0.1 CuO 2,43 K,,
243,L094127001-CC,7,Sr 0.9 La 0.1 CuO 2 (SLCO),43 K,,Magnetiza- tion
244,SSC1270493-CC,1,x = 0.3,∼40 K,,
245,SSC1270493-CC,4,Ga-1212,up to ∼70 K,,
246,SSC1270493-CC,4,Al-1212,18 ∼ 30 K,,
247,SSC1270493-CC,4,Co-1212,∼30 K,,
248,SSC1270493-CC,4,CoSr 2 YCu 2 O 7+δ,up to 40 K,,
249,SSC1270493-CC,12,x = 0.3,up to 40 K,,diamagnetic signal
250,SSC1270493-CC,16,x = 0.4 sample using 25 and 100 mol-% Ag 2 O 2,20 K,,
251,SSC1270493-CC,16,x = 0.4 sample using 25 and 100 mol-% Ag 2 O 2,35 K,,
252,SSC1270493-CC,16,x = 0.3,∼40 K,,
253,SSC1230017-CC,3,pure-phase Sr 0.9 La 0.1 CuO 2 (Sr(La)-112),43 K,,
254,PhysRevX.8.041024-CC,6,Cu x Bi 2 Se 3 (x ¼ 0.31) single crystals,3 K,,Magnetic susceptibility
255,EPJ0290369-CC,11,La 1.94 Sr 0.06 CuO 4,2.4 K,,
256,EPJ0290369-CC,11,La 1.94 Sr 0.06 CuO 4,2.4,,
257,EPJ0290369-CC,13,La 1.9 Sr 0.1 CuO 4,17.5,,
258,EPJ0290369-CC,13,La 1.9 Sr 0.1 CuO 4,17.5 K,,
259,EPJ0290369-CC,13,La 1.9 Sr 0.1 CuO 4,17.5 K,,
260,EPJ0290369-CC,14,overdoped La 1.8 Sr 0.2 CuO 4,22.8 K,,
261,EPJ0290369-CC,16,overdoped La 1.75 Sr 0.25 CuO 4,15.6,,
262,EPJ0290369-CC,16,La 1.75 Sr 0.25 CuO 4,15.6 K,,
263,EPJ0290369-CC,17,La 1.73 Sr 0.27 CuO 4,9.2 K,,resistivity
264,EPJ0290369-CC,22,La 2-x Sr x CuO 4 samples with x = 0.05 and 0.055,17.5 K,,
265,EPJ0290369-CC,23,La 1.94 Sr 0.06 CuO 4,2.4K,,
266,EPJ0290369-CC,24,La 1.8 Sr 0.2 CuO 4,22.8 K,,
267,EPJ0290369-CC,24,La 1.75 Sr 0.25 CuO 4,15.6 K,,
268,EPJ0290369-CC,24,La 1.73 Sr 0.27 CuO 4,9.2 K,,
269,EPJ0290369-CC,30,La 1.94 Sr 0.06 CuO 4,2.4 K,,
270,EPJ0290369-CC,30,La 1.9 Sr 0.1 CuO 4,17.5 K,,
271,EPJ0290369-CC,34,La 1.9 Sr 0.1 CuO 4,17.5 K,,
272,EPJ0290369-CC,38,La 1.94 Sr 0.06 CuO 4,2.4 K,,
273,EPJ0290369-CC,38,La 1.9 Sr 0.1 CuO 4,17.5 K,,
274,APL0774202-CC,12,YBCO crystals,93 K,,
275,APL0774202-CC,12,BSCCO,89.5K,,
276,APL0774202-CC,13,Single crystals of PCCO,22.5K,,
277,APL0774202-CC,16,Al,1.69,,
278,APL0774202-CC,16,Al,1.18 K,,
279,L088207003-CC,1,doped Pr1.855Ce0.145CuO4−y films,24 K,,
280,L088207003-CC,4,Pr 2 CuO 4,23.7 ± 0.5 K,,resistivities
281,Liu_2018_Supercond._Sci._Technol._31_125011-CC,4,SnSb,2.48 K,,Resistivity
282,Liu_2018_Supercond._Sci._Technol._31_125011-CC,4,,1.50 K,,magnetic susceptibility
283,Liu_2018_Supercond._Sci._Technol._31_125011-CC,4,,1.50 K,,specific heat
284,Liu_2018_Supercond._Sci._Technol._31_125011-CC,7,SnSb,below 2.8 K,,resistivity
285,Liu_2018_Supercond._Sci._Technol._31_125011-CC,10,SnSb,∼1.6 K,,
286,Liu_2018_Supercond._Sci._Technol._31_125011-CC,11,SnSb,1.50 K,,specific heat
287,Liu_2018_Supercond._Sci._Technol._31_125011-CC,18,SnSb,below 1.50 K,,
288,Liu_2018_Supercond._Sci._Technol._31_125011-CC,18,,2.48 K,,resistivity
289,Liu_2018_Supercond._Sci._Technol._31_125011-CC,22,SnSb,∼2.9 K,,magnetization
290,L090137001-CC,6,Single crystal of Sr 2 Ca 12 Cu 24 O 41,2.8K,,
291,L095117006-CC,2,2H-NbSe 2,7.1 K,,
292,1609.04957-CC,1,LaFeAsO1−xHx,exceeds 45K,3.0 GPa,
293,1609.04957-CC,1,LaFeAsO1−xHx,exceeds 45K,3.0 GPa,
294,1609.04957-CC,2,,over 45 K,ambient pressure,
295,1609.04957-CC,4,x = 0.14,up to 40 K,3.0 GPa,
296,1609.04957-CC,7,,48K,3.0 GPa,resistivity
297,1609.04957-CC,8,K y Fe 2−x Se 2,30 K,,
298,1609.04957-CC,14,x = 0.20,48 K,3.0 GPa,
299,1903.04321-CC,1,Cu-intercalated PdTe2,from 1.7 K to 2.4 K,,
300,1903.04321-CC,2,PdTe 2,below 1.7 K,,
301,1903.04321-CC,3,Cu-intercalated PdTe 2 with 4% Cu,2.6 K,,susceptibility
302,L092157004-CC,7,,4.2 K,,susceptibility
303,L092157004-CC,8,,4.2 K,,specific heat
304,L092157004-CC,12,Na 0.3 CoO 2 •yH 2 O,4.2 K,,
305,L092157004-CC,15,single crystals of the hydrated Na x CoO 2 • yH 2 O,4.2 K,,
306,Carnicom_2018_Supercond._Sci._Technol._31_115005,1,WB 4.2,2.05(5) K,,
307,Carnicom_2018_Supercond._Sci._Technol._31_115005,3,MgB 2,39 K,,
308,Carnicom_2018_Supercond._Sci._Technol._31_115005,3,(Mo 0.96 Zr 0.04 ) 0.85 B 2,8.2 K,,
309,Carnicom_2018_Supercond._Sci._Technol._31_115005,3,NbB 2,5.2 K,,
310,Carnicom_2018_Supercond._Sci._Technol._31_115005,5,WB 4.2,2 K,,
311,Carnicom_2018_Supercond._Sci._Technol._31_115005,12,WB 4.2,2.05 K,,
312,Carnicom_2018_Supercond._Sci._Technol._31_115005,13,WB 4.2,2.1 K,,resistivity
313,Carnicom_2018_Supercond._Sci._Technol._31_115005,13,WB 4.2,above 2 K,,
314,Carnicom_2018_Supercond._Sci._Technol._31_115005,16,WB 4.2,2.05 K,,
315,Carnicom_2018_Supercond._Sci._Technol._31_115005,17,WB 4.2,2 K,,magnetic suscept- ibility
316,Carnicom_2018_Supercond._Sci._Technol._31_115005,17,WB 4.2,2 K,,electrical resistivity
317,Carnicom_2018_Supercond._Sci._Technol._31_115005,17,WB 4.2,2 K,,specific heat
318,Carnicom_2018_Supercond._Sci._Technol._31_115005,17,WB 4.2,2 K,,specific heat
319,JPS081033701-CC,4,x = 0.20,13 K,2 GPa,suscep- tibility
320,JPS081033701-CC,4,x = 0.25,30 K,,
321,JPS081033701-CC,4,x = 0.25,14 K,,
322,JPS081033701-CC,4,x = 0.25,30 K,2 GPa,suscep- tibility
323,JPS081033701-CC,4,x = 0.25,14 K,2 GPa,suscep- tibility
324,JPS081033701-CC,4,x = 0.25,14 K,2 GPa,suscep- tibility
325,JPS081033701-CC,5,x = 0.25,30 K,,
326,JPS081033701-CC,9,x = 0.25,13 K,2 GPa,suscep- tibility
327,L089147002-CC,3,Cd 2 Re 2 O 7,1 K,,
328,L089147002-CC,3,Cd 2 Re 2 O 7,1 K,,
329,L088167005-CC,3,un- twinned YBa 2 Cu 3 O y (YBCO) single crystals,20 K,,
330,L088167005-CC,5,y=6.50,35 K,,
331,L091087001-CC,2,PCCO films onto Pr 2 CuO 4 (PCO)/SrTiO 3,24 K,,
332,L091087001-CC,4,Zn plate,0.875 K,,
333,JPS081113707-CC,2,FeSe,13K,,
334,JPS081113707-CC,2,K 0.8 Fe 2 Se 2,above 30 K,,
335,JPS081113707-CC,2,(LiNH 2 ) x Fe 2 Se 2,43 K,,
336,JPS081113707-CC,2,FeSe monolayer synthesized by MBE method,53 K,,
337,JPS081113707-CC,2,,37K,4-6 GPa,
338,JPS081113707-CC,6,FeTe 0.65 Se 0.35 thin films,15.0 K,,resistivities
339,Suzuki_etal_2015-CC,1,Polycrystalline EuFBiS 2,8.6 K,1.8 GPa,electrical resistivity
340,Suzuki_etal_2015-CC,4,EuFBiS 2,5.2,0.7 GPa,electrical resistivity
341,Suzuki_etal_2015-CC,4,EuFBiS 2,2.1 K,0.7 GPa,
342,Suzuki_etal_2015-CC,4,EuFBiS 2,8.6 K,,
343,Suzuki_etal_2015-CC,4,EuFBiS 2,8.6 K,1.8 GPa,
344,Suzuki_etal_2015-CC,5,EuFBiS 2,8.6 K,1.8 GPa,
345,Suzuki_etal_2015-CC,5,EuFBiS 2,5.2,0.7 GPa,
346,Suzuki_etal_2015-CC,5,EuFBiS 2,5.2,0.7 GPa,electrical resistivity
347,Suzuki_etal_2015-CC,5,EuFBiS 2,2.1 K,0.7 GPa,
348,Suzuki_etal_2015-CC,5,EuFBiS 2,2.1 K,0.7 GPa,
349,Suzuki_etal_2015-CC,9,EuFBiS 2,8.6 K,1.8 GPa,electrical resistivity
350,Suzuki_etal_2015-CC,9,EuFBiS 2,8.6 K,1.8 GPa,electrical resistivity
351,Suzuki_etal_2015-CC,9,EuFBiS 2,8.6 K,1.8 GPa,electrical resistivity
352,Suzuki_etal_2015-CC,10,EuFBiS 2,5.2,1.8 GPa,electrical resistivity
353,Suzuki_etal_2015-CC,10,EuFBiS 2,2.1 K,1.8 GPa,electrical resistivity
354,Suzuki_etal_2015-CC,10,EuFBiS 2,8.6 K,1.8 GPa,electrical resistivity
355,Suzuki_etal_2015-CC,10,EuFBiS 2,8.6 K,1.8 GPa,electrical resistivity
356,SST0180041-CC,1,Pr 1−x Ca x Ba 2 Cu 3 O 7−δ (x ≈0.5) thin films,37K,,
357,SST0180041-CC,1,Pr 1−x Ca x Ba 2 Cu 3 O 7−δ (x ≈0.5) thin films,35.6K,,
358,SST0180041-CC,4,Pr 0.5 Ca 0.5 Ba 2 Cu 3 O 7−δ epitaxial thin films,37 K,,
359,SST0180041-CC,6,Pr 0.5 Ca 0.5 Ba 2 Cu 3 O 7−δ epitaxial thin films,37 K,,resistivity
360,SST0180041-CC,14,Pr 0.5 Ca 0.5 Ba 2 Cu 3 O 7−δ epitaxial thin films,35.6 K,,resistivity
361,SST0180041-CC,14,Pr 0.5 Ca 0.5 Ba 2 Cu 3 O 7−δ epitaxial thin films,37 K,,
362,SST0180041-CC,14,Pr 0.5 Ca 0.5 Ba 2 Cu 3 O 7−δ epitaxial thin films,37 K,,resistivity
363,SST0180041-CC,15,Pr 0.5 Ca 0.5 Ba 2 Cu 3 O 7−δ thin films grown on STO,35.6 K,,resistivity
364,SST0180041-CC,18,Pr 0.5 Ca 0.5 Ba 2 Cu 3 O 7−δ films grown on (a) STO and (b) YSZ,35.6 K,,resistivity
365,SST0180041-CC,18,Pr 0.5 Ca 0.5 Ba 2 Cu 3 O 7−δ films grown on (a) STO and (b) YSZ,47 K,,resistance
366,xing2014theAnomaly-CC,8,undoped LiFeAs crystal,∼17 K,,resistivity
367,xing2014theAnomaly-CC,8,LiFeAs crystal,∼ 16 K,,magnetic susceptibility
368,xing2014theAnomaly-CC,9,Cu doping level of 7%,∼3 K,,
369,kotegawa2008abrupt-CC,0,SrFe 2 As 2,34 K,,Resistivity
370,kotegawa2008abrupt-CC,2,SrFe2As2,34.1 K,3.6 − 3.7 GPa,
371,kotegawa2008abrupt-CC,3,F-doped system LaFeAsO 1−x F x (ZrCuSiAs-type struc- ture),26 K,,
372,kotegawa2008abrupt-CC,4,SrFe 2 As 2,10 K,8 GPa,resistivity
373,kotegawa2008abrupt-CC,5,single-crystalline samples of SrFe 2 As 2,34 K,3.5 GPa,resistivity
374,kotegawa2008abrupt-CC,5,SrFe 2 As 2,34 K,3.77 GPa,resistivity
375,kotegawa2008abrupt-CC,8,SrFe 2 As 2,34.1 K,3.77 GPa,resistance
376,kotegawa2008abrupt-CC,8,(Ba 0.6 K 0.4 )Fe 2 As 2 and (K 0.4 Sr 0.6 )Fe 2 As 2,37 − 38 K,,
377,kotegawa2008abrupt-CC,8,,30 K,4.15 GPa,
378,kotegawa2008abrupt-CC,8,SrFe 2 As 2,34.1 K,3.77 GPa,resistance
379,kotegawa2008abrupt-CC,12,SrFe 2 As 2,∼ 27 K,2.8 GPa,
380,kotegawa2008abrupt-CC,13,,below 10 K,8 GPa,resistance
381,kotegawa2008abrupt-CC,14,SrFe 2 As 2,34.1 K,3.6 − 3.7 GPa,resistivity
382,kotegawa2008abrupt-CC,14,doped systems,37 − 38 K,,
383,kotegawa2008abrupt-CC,14,,34.1 K,8 GPa,resistivity
384,kotegawa2008abrupt-CC,15,SrFe 2 As 2,34.1 K,3.77 GPa,resistivity
385,kotegawa2008abrupt-CC,16,SrFe 2 As 2,34.1 K,3.6 − 3.7 GPa,
386,yamaguchi2014ac,1,LiFeAs,17 K,0 GPa,
387,yamaguchi2014ac,1,LiFeAs,10 K,5.2 GPa,
388,yamaguchi2014ac,5,,18 K,0 GPa,
389,yamaguchi2014ac,5,,15.3 K,1.8 GPa,AC magnetic susceptibility
390,yamaguchi2014ac,10,LiFeAs,17.1 K,0 GPa,AC magnetic susceptibility
391,yamaguchi2014ac,10,LiFeAs,13.2 K,4.3 GPa,
392,yamaguchi2014ac,10,LiFeAs,16.8 K,,
393,yamaguchi2014ac,10,LiFeAs,16.8 K,0 GPa,
394,yamaguchi2014ac,10,LiFeAs,10 K,,
395,yamaguchi2014ac,10,LiFeAs,10 K,,
396,yamaguchi2014ac,10,LiFeAs,10 K,5.2 GPa,
397,yamaguchi2014ac,10,,13.2 K,1.8 GPa,AC magnetic susceptibility
398,yamaguchi2014ac,10,,16.8 K,1.8 GPa,AC magnetic susceptibility
399,yamaguchi2014ac,10,,16.8 K,1.8 GPa,AC magnetic susceptibility
400,yamaguchi2014ac,10,,10 K,1.8 GPa,AC magnetic susceptibility
401,yamaguchi2014ac,10,,10 K,1.8 GPa,AC magnetic susceptibility
402,yamaguchi2014ac,10,,10 K,1.8 GPa,AC magnetic susceptibility
403,sun2012re-emerging-CC,1,Tl 0.6 Rb 0.4 Fe 1.67 Se 2,48.0-48.7 K,,
404,sun2012re-emerging-CC,1,K 0.8 Fe 1.7 Se 2,48.0-48.7 K,,
405,sun2012re-emerging-CC,1,K 0.8 Fe 1.78 Se 2,48.0-48.7 K,,
406,sun2012re-emerging-CC,1,K 0.8 Fe 1.78 Se 2,48.0-48.7 K,,
407,sun2012re-emerging-CC,1,,32 K,1 GPa,resistance
408,sun2012re-emerging-CC,3,Tl 0.6 Rb 0.4 Fe 1.67 Se 2 single crystals,33 K,1.6 GPa,resistance
409,sun2012re-emerging-CC,3,Tl 0.6 Rb 0.4 Fe 1.67 Se 2 single crystals,48.0 K,12.4 GPa,
410,sun2012re-emerging-CC,4,Tl 0.6 Rb 0.4 Fe 1.67 Se 2,40.2 K,12.2 GPa,magnetic
411,sun2012re-emerging-CC,5,,40.2 K,1 GPa,magnetic
412,sun2012re-emerging-CC,6,K 0.8 Fe 1.7 Se 2,48.7 K,12.5 GPa,
413,sun2012re-emerging-CC,6,,32 K,0.8-1.6 GPa,resistance
414,sun2012re-emerging-CC,7,K 0.8 Fe 1.7 Se 2,48.7 K,,
415,sun2012re-emerging-CC,7,Tl 0.6 Rb 0.4 Fe 1.67 Se 2,48.0 K,,
416,sun2012re-emerging-CC,11,K 0.8 Fe 1.7 Se 2,48.7 K,12.5 GPa,
417,sun2012re-emerging-CC,15,Tl 0.6 Rb 0.4 Fe 1.67 Se 2,48 K,,
418,sun2012re-emerging-CC,17,K 0.8 Fe 1.7 Se 2,48.7 K,12.5 GPa,resistance
419,piva2015combined-CC,1,pure BaFe 2 As 2,4.2 K,,
420,piva2015combined-CC,1,BaFe 2−x Cu x As 2,8 K,,
421,piva2015combined-CC,1,x = 0.02,30 K,,
422,piva2015combined-CC,3,RFeAsO (R = La − Gd),as high as 56 K,,
423,piva2015combined-CC,3,"AFe 2 As 2 (A = Ba, Sr, Ca, Eu)",as high as 56 K,,
424,piva2015combined-CC,4,BaFe 2−x Cu x As 2,5 K,,
425,piva2015combined-CC,4,Co-substituted,26 K,,
426,piva2015combined-CC,5,Cu-substituted BaFe 2 As 2 single crystals,8 K,,
427,piva2015combined-CC,5,x = 0.02,30 K,,
428,piva2015combined-CC,10,BaFe 2−x Cu x As 2,29 K,2.8 GPa,
429,piva2015combined-CC,10,BaFe 2−x Cu x As 2,29 K,,
430,piva2015combined-CC,10,BaFe 2−x Cu x As 2,29 K,3.4 GPa,
431,piva2015combined-CC,10,,31 K,4.0 GPa,
432,piva2015combined-CC,12,BaFe 2−x Cu x As 2,8 K,,
433,piva2015combined-CC,12,x = 0.02,30 K,3.4 GPa,
434,wang2011effect,3,LaO 1−x F x FeAs,26 K,,
435,wang2011effect,3,LaO 1−x F x FeAs,up to 43 K,,
436,wang2011effect,8,NaFeAs,31 K,3 GPa,
437,wang2011effect,11,NaFeAs,31 K,3 GPa,
438,kotegawa2009contrasting-CC,1,Sr2VFeAsO3,36.4 K,,
439,kotegawa2009contrasting-CC,1,Sr2VFeAsO3,46.0 K,4 GPa,
440,kotegawa2009contrasting-CC,1,Sr2ScFePO3,∼ 16 K,,
441,kotegawa2009contrasting-CC,1,Sr2ScFePO3,5 K,4 GPa,
442,kotegawa2009contrasting-CC,3,FeSe,8 K,ambient pressure,
443,kotegawa2009contrasting-CC,5,Sr 2 ScFePO 3,17 K,,
444,kotegawa2009contrasting-CC,5,Sr 2 VFeAsO 3,37 K,,
445,kotegawa2009contrasting-CC,6,,36.4 K,4.15 GPa,resistivity
446,kotegawa2009contrasting-CC,6,,32.5 K,4.15 GPa,resistivity
447,kotegawa2009contrasting-CC,6,,32.5 K,4.15 GPa,resistivity
448,kotegawa2009contrasting-CC,6,,46.0 K,4.15 GPa,resistivity
449,kotegawa2009contrasting-CC,6,,46.0 K,4.15 GPa,resistivity
450,kotegawa2009contrasting-CC,6,,46.0 K,4.15 GPa,resistivity
451,kotegawa2009contrasting-CC,6,,43.2 K,4.15 GPa,resistivity
452,kotegawa2009contrasting-CC,6,,43.2 K,4.15 GPa,resistivity
453,kotegawa2009contrasting-CC,6,,43.2 K,4.15 GPa,resistivity
454,kotegawa2009contrasting-CC,6,,43.2 K,4.15 GPa,resistivity
455,kotegawa2009contrasting-CC,10,Sr 2 ScFePO 3,15.6 K,ambient pressure,resistance
456,kotegawa2009contrasting-CC,10,Sr 2 ScFePO 3,8.4 K,ambient pressure,
457,kotegawa2009contrasting-CC,10,Sr 2 ScFePO 3,15 − 17 K,,
458,kotegawa2009contrasting-CC,10,Sr 2 ScFePO 3,15 − 17 K,,resistivity
459,kotegawa2009contrasting-CC,10,,8.4 K,4.15 GPa,resistance
460,kotegawa2009contrasting-CC,15,Sr 2 VFeAsO 3,46 K,4 GPa,resistivity
461,kotegawa2009contrasting-CC,15,Sr 2 VFeAsO 3,46 K,,resistivity
462,kotegawa2009contrasting-CC,16,Sr 2 VFeAsO 3,36.4 K,,
463,kotegawa2009contrasting-CC,16,Sr 2 VFeAsO 3,32.5 K,ambient pressure,
464,kotegawa2009contrasting-CC,16,Sr 2 VFeAsO 3,46.0 K,,
465,kotegawa2009contrasting-CC,16,Sr 2 VFeAsO 3,46.0 K,,resistance
466,kotegawa2009contrasting-CC,16,,43.2 K,4.15 GPa,
467,ivanovskii2008newHigh,1,fluorine-doped oxyarsenide LaO 1-x F x FeAs,26 K,,
468,ivanovskii2008newHigh,2,fluorine- doped iron and lanthanum oxyarsenide LaO 1Àx F x FeAs,26 K,,
469,ivanovskii2008newHigh,5,LaO 1Àx F x FeAs,26 K,,
470,ivanovskii2008newHigh,6,fluorine-doped samarium oxyarsenide SmO 1Àx F x FeAs,56 K,,
471,ivanovskii2008newHigh,6,NdO 1Àx FeAs,51 K,,
472,ivanovskii2008newHigh,6,SmO 1Àx FeAs,55 K,,
473,ivanovskii2008newHigh,8,Ba 1Àx K x Fe 2 As 2,37 ± 38 K,,
474,ivanovskii2008newHigh,8,Sr 1Àx Cs x Fe 2 As 2,37 ± 38 K,,
475,ivanovskii2008newHigh,8,LiFeAs,18 K,,
476,ivanovskii2008newHigh,8,Li 0:6 FeAs,18 K,,
477,ivanovskii2008newHigh,14,NdO 1Àx F x FeAs,50À51 K,,
478,ivanovskii2008newHigh,18,SmO 0:7 F 0:3 FeAs,54.6-K,,
479,ivanovskii2008newHigh,19,LaO 1Àx F x FeAs,close to 24 K,,resistance
480,ivanovskii2008newHigh,45,LaOFeP,6 K,,
481,ivanovskii2008newHigh,45,LaONiP,6 K,,
482,ivanovskii2008newHigh,45,LaFe 4 P 12,4:1 K,,
483,ivanovskii2008newHigh,45,lanthanum,6:9 K,,
484,ivanovskii2008newHigh,45,LaOFeP,26 K,,
485,ivanovskii2008newHigh,47,LaOFeAs,26 K,,
486,ivanovskii2008newHigh,47,LaO 1Àx F x FeAs (x 0:12À0:15),26 K,,
487,ivanovskii2008newHigh,47,"LnOFeAs phases (Ln Ce, Pr, Nd, Sm, Gd)",37 K,,
488,ivanovskii2008newHigh,47,GdO 1Àx F x FeAs,37 K,,
489,ivanovskii2008newHigh,47,TbO 1Àx F x FeAs,46 K,,
490,ivanovskii2008newHigh,47,DyO 1Àx F x FeAs,45 K,,
491,ivanovskii2008newHigh,48,Gd 1Àx Th x OFeAs,55 K,,
492,ivanovskii2008newHigh,48,Tb 1Àx Th x OFeAs,52 K,,
493,ivanovskii2008newHigh,50,La 0:85 Sr 0:15 O 0:87 FeAs,8 K,,
494,ivanovskii2008newHigh,50,LaO 1Àx F x FeAs,26 K,,
495,ivanovskii2008newHigh,50,LaO 0:9 F 0:1 FeAs 1Àx,26À28 K,,
496,ivanovskii2008newHigh,55,La 0:89 F 0:11 FeAs,from 26 K,0,
497,ivanovskii2008newHigh,55,La 0:89 F 0:11 FeAs,43 K,4 GPa,
498,ivanovskii2008newHigh,56,CeO 0:88 F 0:12 FeAs,47 K,,
499,ivanovskii2008newHigh,56,CeO 0:88 F 0:12 FeAs,4.5 K,P 19 GPa,
500,ivanovskii2008newHigh,57,SmO 0:85 F 0:15 FeAs,25.6 K,1 GPa,
501,ivanovskii2008newHigh,59,LaO 0:89 F 0:11 FeAs,26 K,,
502,ivanovskii2008newHigh,69,LaO 1Àx F x FeAs,24 K,,
503,ivanovskii2008newHigh,69,LaO 1Àx F x FeAs,24 K,,
504,ivanovskii2008newHigh,70,LaO 0:94 F 0:06 FeP,5 K,,
505,ivanovskii2008newHigh,72,LaOFeP,7 K,,
506,ivanovskii2008newHigh,76,SmO 0:85 FeAs,52:4 K,,
507,ivanovskii2008newHigh,77,LaOFeP,7 K,,
508,ivanovskii2008newHigh,80,La 1:85 Sr 0:15 CuO 4,38 K,,
509,ivanovskii2008newHigh,97,LaOFeAs,0:8 K,,Eliashberg equation
510,ivanovskii2008newHigh,97,LaOFeAs,0:8 K,,Eliashberg equation
511,ivanovskii2008newHigh,97,LaOFeAs,26 K,,experimental
512,ivanovskii2008newHigh,102,LaONiP,3:0 ± 4:2 K,,
513,ivanovskii2008newHigh,102,LaONiP,26 K,,estimated in the Eliashberg model
514,ivanovskii2008newHigh,129,potassium-doped arsenide Ba 1Àx K x Fe 2 As 2,38 K,,
515,ivanovskii2008newHigh,129,Ba 0:6 K 0:4 Fe 2 As 2,38 K,,
516,ivanovskii2008newHigh,129,LaIr 2 Ge 2,5 K,,
517,ivanovskii2008newHigh,129,LaRu 2 P 2,5 K,,
518,ivanovskii2008newHigh,129,YIr 2Àx Si 2x,5 K,,
519,ivanovskii2008newHigh,129,YIr 2Àx Si 2x,5 K,,
520,ivanovskii2008newHigh,129,BaNi 2 P 2,5 K,,
521,ivanovskii2008newHigh,129,BaNi 2 P 2,5 K,,
522,ivanovskii2008newHigh,129,BaNi 2 P 2,5 K,,
523,ivanovskii2008newHigh,140,Ba 0:6 K 0:4 Fe 2 As 2,38 K,,
524,ivanovskii2008newHigh,140,Sr 1Àx K; Cs x Fe 2 As 2,37À38 K,,
525,ivanovskii2008newHigh,151,LnOFeAs,26À55 K,,
526,ivanovskii2008newHigh,151,AFe 2 As 2,26À55 K,,
527,ivanovskii2008newHigh,155,cobalt-doped LaOFeAs,14 K,,
528,ivanovskii2008newHigh,155,LaOFe 0:89 Co 0:11 As ),14 K,,
529,ivanovskii2008newHigh,155,LiFeAs,18 K,,
530,ivanovskii2008newHigh,155,Li 0:6 FeAs ),18 K,,
531,ivanovskii2008newHigh,159,HoO 1Àd FeAs,50:5 K,,
532,ivanovskii2008newHigh,159,YO 1Àd FeAs,46:5 K,,
533,ivanovskii2008newHigh,159,DyO 1Àd FeAs,52:2 K,,
534,ivanovskii2008newHigh,159,TbO 1Àd FeAs,48:5 K,,
535,ivanovskii2008newHigh,159,GdONiBi,4:5 K,,
536,ivanovskii2008newHigh,159,Gd 0:9 Sr 0:1 ONiBi,4:7 K,,
537,ivanovskii2008newHigh,161,EuFe 2 As 2,20 K,,
538,ivanovskii2008newHigh,161,Eu 0:5 K 0:5 Fe 2 As 2,32 K,,
539,ivanovskii2008newHigh,161,BaFe 1:8 Co 0:2 As 2,22 K,,
540,ivanovskii2008newHigh,161,SrNi 2 As 2,0:6 K,,
541,ivanovskii2008newHigh,161,BaFe 1:9 Ni 0:1 As 2,21 K,,
542,ivanovskii2008newHigh,161,BaNi 2 As 2,0:7 K,,
543,ivanovskii2008newHigh,162,LiFeAs,18 K,,
544,ivanovskii2008newHigh,163,FeSe 1Àx (x $ 0:12),8 K,,
545,ivanovskii2008newHigh,163,FeSe 1Àx,14 K,,
546,ivanovskii2008newHigh,163,FeSe 1Àx Te x 0:82,14 K,,
547,ivanovskii2008newHigh,164,CaFe 2 As 2,12 K,,
548,ivanovskii2008newHigh,164,CaFe 2 As 2,12 K,,
549,ivanovskii2008newHigh,164,BaFe 2 As 2,29 K,,
550,ivanovskii2008newHigh,168,SmO 0:7 F 0:3 FeAs,54:6 K,,
551,ying2011pressure-CC,2,FeSe,37 K,4.5 GPa,
552,ying2011pressure-CC,2,FeSe,8 K,ambient pressure,
553,ying2011pressure-CC,2,Fe-Se,30 K,,
554,ying2011pressure-CC,3,K x Fe 2 Se 2 crystal,32.6 K,,
555,ying2011pressure-CC,3,K x Fe 2 Se 2,32.7 K,0.48 GPa,
556,ying2011pressure-CC,3,K x Fe 2 Se 2,31.1 K,,
557,ying2011pressure-CC,4,Cs x Fe 2 Se 2,30 K,,
558,ying2011pressure-CC,4,K 0.85 Fe 2 Se 1.80,32.6 K,,
559,ying2011pressure-CC,4,K 0.86 Fe 2 Se 1.82,31.1 K,,
560,ying2011pressure-CC,5,K x Fe 2 Se 2 -1,32.6 K,ambient pressure,in-plane resistivity
561,ying2011pressure-CC,5,K x Fe 2 Se 2 -2,31.1 K,,resistivity
562,ying2011pressure-CC,7,K x Fe 2 Se 2 -1,31.1 K,,resistivity
563,ying2011pressure-CC,7,K x Fe 2 Se 2 -1,30 K,,resistivity
564,ying2011pressure-CC,9,Cs x Fe 2 Se 2,29.8 K,1.64 GPa,
565,ying2011pressure-CC,10,K x Fe 2 Se 2,32.7 K,,
566,ying2011pressure-CC,13,K x Fe 2 Se 2 -1,32.6 K,,in-plane resistivity
567,ying2011pressure-CC,15,single crystal Cs x Fe 2 Se 2,31.1 K,0.82 GPa,resistivity
568,ying2011pressure-CC,15,single crystal Cs x Fe 2 Se 2,30 K,ambient pressure,
569,ying2011pressure-CC,17,single crystal K x Fe 2 Se 2 -2,32.7 K,0.48 GPa,resistivity
570,ying2011pressure-CC,17,K x Fe 2 Se 2 -1,32.7 K,,resistivity
571,okada2008supercondctivity-CC,1,LaFeAsO,21 K,12 GPa,Electrical resistivity
572,okada2008supercondctivity-CC,3,LaFeAsO 1-x F x,26 K,,
573,okada2008supercondctivity-CC,3,LaFeAsO 0.89 F 0.11,43 K,4 GPa,
574,okada2008supercondctivity-CC,3,RFeAsO (R = rare earth) having smaller R atom than La atom,over 50 K,,
575,okada2008supercondctivity-CC,4,LaFeAsO,21 K,,electrical resistivity
576,okada2008supercondctivity-CC,7,,below ~20 K,9 and 12 GPa,AC magnetic susceptibility
577,okada2008supercondctivity-CC,7,,21 K,12 GPa,electrical resistivity
578,okada2008supercondctivity-CC,7,,below 20 K,,electrical resistivity
579,okada2008supercondctivity-CC,7,,below ~20 K,,electrical resistivity
580,okada2008supercondctivity-CC,8,F -substitution of 5 at%,24 K,,
581,okada2008supercondctivity-CC,9,LaFeAsO 0.95 F 0.05,29 K,,
582,okada2008supercondctivity-CC,9,LaFeAsO 0.89 F 0.11,43 K,,
583,okada2008supercondctivity-CC,9,LaFeAsO 0.86 F 0.14,43 K,,
584,okada2008supercondctivity-CC,9,"""over-doped"" LaFeAsO 0.86 F 0.14",43 K,,
585,okada2008supercondctivity-CC,10,LaFeAsO,21 K,12 GPa,Electrical resistivity
586,okada2008supercondctivity-CC,10,LaFeAsO,21 K,12 GPa,electrical resistivity
587,hott2013review-CC,2,Mercury,below 4 K,,electrical resistance
588,hott2013review-CC,4,tin,3.7 K,,
589,hott2013review-CC,4,thallium,2.4 K,,
590,hott2013review-CC,4,indium,3.4 K,,
591,hott2013review-CC,4,tantalum,4.2 K,,
592,hott2013review-CC,4,thorium,1.4 K,,
593,hott2013review-CC,4,titanium,0.4 K,,
594,hott2013review-CC,4,vanadium,5.3 K,,
595,hott2013review-CC,4,niobium,9.2 K,,
596,hott2013review-CC,7,NbTi,9.2 K,,
597,hott2013review-CC,10,,up to 138 K,normal pressure,
598,hott2013review-CC,11,C 60 introduced by doping and intercalation of alkali-metal atoms,up to 33 K,normal pressure,
599,hott2013review-CC,12,MgB 2,40 K,,
600,hott2013review-CC,12,LaFePO,5 K,,
601,hott2013review-CC,12,LaFeAsO,26 K,,
602,hott2013review-CC,12,FeSe,8 K,,
603,hott2013review-CC,12,FeSe monolayer on a SrTiO 3 substrate,up to 109 K,,
604,hott2013review-CC,13,hydrogen sulfide,203 K,~100 GPa,
605,hott2013review-CC,13,phosphorous-hydride,100 K,,
606,hott2013review-CC,13,"YBa 2 Cu 3 O 7-δ (""YBCO"")",300 K,,
607,hott2013review-CC,18,YBCO,above the boiling point of liquid nitrogen,,
608,hott2013review-CC,20,Hg-1223,135 K,,
609,hott2013review-CC,20,Hg-1223,164 K,30 GPa,
610,hott2013review-CC,22,Pr-123,80 K,normal pressure,
611,hott2013review-CC,22,Pr-123,105 K,9.3 GPa,
612,hott2013review-CC,26,Tl-2201,90 K,,
613,hott2013review-CC,26,Hg-1201,90 K,,
614,hott2013review-CC,41,BaPb 1-x Bi x O 3,13 K,,
615,hott2013review-CC,41,x ~ 0.25,13 K,,
616,hott2013review-CC,41,"Ba 1-x K x BiO 3 (""BKBO""; x ~ 0.35)",> 30 K,,
617,hott2013review-CC,42,Sr 2 RuO 4,1.5 K,,
618,hott2013review-CC,43,Ru-1212,up to 72 K,,
619,hott2013review-CC,44,hydrated sodium cobaltate Na 0.3 CoO 2 •1.4 H 2 O,4.5 K,,
620,hott2013review-CC,45,"AOs 2 O 6 with A = K, Rb, Cs",9.6 K,,
621,hott2013review-CC,45,"AOs 2 O 6 with A = K, Rb, Cs",6.3 K,,
622,hott2013review-CC,45,"AOs 2 O 6 with A = K, Rb, Cs",3.3 K,,
623,hott2013review-CC,45,"AOs 2 O 6 with A = K, Rb, Cs",3.3 K,,
624,hott2013review-CC,46,BaTi 2 Sb 2 O,1 K,,
625,hott2013review-CC,46,Ba 1−x Na x Ti 2 Sb 2 O,5.5 K,,
626,hott2013review-CC,48,LaFeAsO,26 K,,
627,hott2013review-CC,48,Gd 0.8 Th 0.2 FeAsO,56 K,,
628,hott2013review-CC,49,BaFe 2-x Co x As 2,24 K,,
629,hott2013review-CC,49,x = 0.06,24 K,,
630,hott2013review-CC,52,SnMo 6 S 8,11.8 K,,
631,hott2013review-CC,52,PbMo 6 S 8,12.6 K,,
632,hott2013review-CC,52,Gd 0.2 PbMo 6 S 8,14.3 K,,
633,hott2013review-CC,54,2H-NbSe 2,7 K,,
634,hott2013review-CC,54,2H-TaS 2,4 K,,
635,hott2013review-CC,54,1T-TiSe 2,4.15 K,,
636,hott2013review-CC,54,Cu-doping,4.15 K,,
637,hott2013review-CC,54,2H-MoS 2,up to 10.8 K,,
638,hott2013review-CC,54,2H-MoSe 2,up to ~ 7 K,,
639,hott2013review-CC,54,2H-WS 2,up to ~ 7 K,,
640,hott2013review-CC,55,Bi 4 O 4 S 3,4.5 K,,
641,hott2013review-CC,57,PuCoGa 5,18.5 K,,
642,hott2013review-CC,75,CeCu 2 Si 2,1.5 K,ambient pressure,
643,hott2013review-CC,75,CeCoIn 5,2.3 K,,
644,hott2013review-CC,75,CePt 3 Si,0.75 K,,
645,hott2013review-CC,75,β-YbAl 4 B,80 mK,,
646,hott2013review-CC,79,UPt 3,less than 1 K,,
647,hott2013review-CC,79,UPt 3,530 mK,,specific heat
648,hott2013review-CC,79,UPt 3,480 mK,,
649,hott2013review-CC,79,UPd 2 Al 3,1.8 K,,
650,hott2013review-CC,79,,480 mK,normal pressure,specific heat
651,hott2013review-CC,81,URu 2 Si 2,1.2 K,,
652,hott2013review-CC,83,UBe 13,~ 0.9 K,,
653,hott2013review-CC,83,UBe 13,~ 0.75 K,,
654,hott2013review-CC,84,PuCoGa 5,18.5 K,ambient pressure,
655,hott2013review-CC,84,PuRhGa 5,8.7 K,ambient pressure,
656,hott2013review-CC,84,NpPd 5 Al 2,4.9 K,ambient pressure,
657,hott2013review-CC,85,PrOs 4 Sb 12,1.85 K,,
658,hott2013review-CC,86,x ~ 0.6,0.75 K,,
659,hott2013review-CC,86,x = 1 compound PrRu 4 Os 12,1 K,,
660,hott2013review-CC,86,PrOs 4 Sb 12 (x = 0),1.85 K,,specific heat
661,hott2013review-CC,86,PrOs 4 Sb 12 (x = 0),1.75 K,,
662,hott2013review-CC,86,,1.75 K,normal pressure,specific heat
663,hott2013review-CC,88,NbN,16 K,,
664,hott2013review-CC,89,La 3 Ni 2 B 2 N 3,12 -13 K,,
665,hott2013review-CC,89,Li 0.48 (THF) y HfNCl containing cointercalated tetrahydrofuran solvent (THF),25.5 K,,
666,hott2013review-CC,89,"A x TiNCl (A = Li, Na, K, Rb)",16.3 K,,
667,hott2013review-CC,90,NbC,12 K,,
668,hott2013review-CC,90,MoC,14.3 K,,
669,hott2013review-CC,90,(TMTSF)PF 6,below 0.9 K,12 kbar,
670,hott2013review-CC,90,C 60,~ 30 K,,
671,hott2013review-CC,91,(TMTSF) 2 ClO 4,1 K,normal pressure,
672,hott2013review-CC,92,(BEDT-TTF) 2 Cu[N(CN) 2 ]Br,11.2 K,,
673,hott2013review-CC,92,(BEDT-TTF) 2 Cu(NCS) 2,10.4 K,,
674,hott2013review-CC,94,diamond,up to 4 K,,
675,hott2013review-CC,94,diamond,up to 11.4 K,,
676,hott2013review-CC,94,silicon carbide,up to 1.4 K,,
677,hott2013review-CC,94,~ 1 at % boron,up to 1.4 K,,
678,hott2013review-CC,94,silicon thin films,up to 0.7 K,,
679,hott2013review-CC,94,boron doping concentration homogenously up to 11 at %,up to 0.7 K,,
680,hott2013review-CC,94,KC 8,0.14 K,,
681,hott2013review-CC,94,KHgC 8,1.4 K,,
682,hott2013review-CC,94,KTl 1.5 C 4,2.7 K,,
683,hott2013review-CC,94,YbC 6,6.5K,,
684,hott2013review-CC,94,CaC 6,11.5 K,,
685,hott2013review-CC,94,Li 3 Ca 2 C 6,11.15 K,,
686,hott2013review-CC,94,"graphene, the atomic monolayer modification of graphite, Li-or Ca-decoration",6 K,,
687,hott2013review-CC,94,Rb 3 C 60,29.5 K,,
688,hott2013review-CC,94,Cs 3 C 60,40 K,,
689,hott2013review-CC,95,alkali-doped picene and dibenzopentacen,18 K,,
690,hott2013review-CC,95,alkali-doped picene and dibenzopentacen,33 K,,
691,hott2013review-CC,96,double- wall carbon natotubes (DWNT),6.8 K,,resistitively
692,hott2013review-CC,102,nonmagnetic YNi 2 B 2 C and LuNi 2 B 2 C,16.5 K,,
693,hott2013review-CC,102,nonmagnetic YNi 2 B 2 C and LuNi 2 B 2 C,15.5 K,,
694,hott2013review-CC,105,MgB 2,~ 40 K,,
695,hott2013review-CC,107,MgB 2,39 K,,
696,hott2013review-CC,132,Li + THF cointercalated β-HfNCl,25.5 K,,
697,chu2009high-CC,4,HgBa 2 Ca 2 Cu 3 O 9+δ (Hg1223),164 K,30 GPa,
698,chu2009high-CC,4,HgBa 2 Ca 2 Cu 3 O 9+δ (Hg1223),134 K,,
699,chu2009high-CC,5,electron-doped LaOFeAs (La1111),26 K,,
700,chu2009high-CC,5,011,9-14 K,,
701,chu2009high-CC,6,electron-doped LaOFeAs,26 K,,
702,chu2009high-CC,6,electron-doped La1111,55 K,,
703,chu2009high-CC,7,,50 K,2 GPa,resistively
704,chu2009high-CC,12,011,8 K,,
705,chu2009high-CC,12,011,27 K,1.5 GPa,
706,chu2009high-CC,14,electron doped La(O 1-x F x )FeAs,26 K,,
707,chu2009high-CC,14,polycrystalline optimally doped La(O 1-x F x )FeAs with nominal x = 0.11,26.3 K,ambient pressure,resistively
708,chu2009high-CC,14,polycrystalline optimally doped La(O 1-x F x )FeAs with nominal x = 0.11,23 K,ambient pressure,magnetically
709,chu2009high-CC,14,,23 K,2 GPa,magnetically
710,chu2009high-CC,16,Sm(O 1-x F x )FeAs,43 K,up to 1.7 GPa,
711,chu2009high-CC,16,"x = 0.05, 0.13 and 0.3",1.2 K,,
712,chu2009high-CC,16,"x = 0.05, 0.13 and 0.3",24.7 K,,
713,chu2009high-CC,16,"x = 0.05, 0.13 and 0.3",43.6 K,,
714,chu2009high-CC,16,"x = 0.05, 0.13 and 0.3",43.6 K,,
715,chu2009high-CC,18,x = 0.11 and 0.05,28 K,,
716,chu2009high-CC,18,x = 0.11 and 0.05,9 K,,
717,chu2009high-CC,18,x = 0.11,28 K,,
718,chu2009high-CC,18,x = 0.11,43 K,up to 3 GPa,
719,chu2009high-CC,18,x = 0.11,9 K,,
720,chu2009high-CC,18,x = 0.11,9 K,30 GPa,
721,chu2009high-CC,18,La(O 1- x F x )FeAs,43 K,,
722,chu2009high-CC,18,x = 0.4,10.5 K,,
723,chu2009high-CC,20,"x = 0 (undoped), 0.05 (underdoped), 0.11(optimally doped)",0 K,,
724,chu2009high-CC,20,"x = 0 (undoped), 0.05 (underdoped), 0.11(optimally doped)",24,,
725,chu2009high-CC,20,"x = 0 (undoped), 0.05 (underdoped), 0.11(optimally doped)",29,,
726,chu2009high-CC,20,"x = 0 (undoped), 0.05 (underdoped), 0.11(optimally doped)",29,,
727,chu2009high-CC,20,x=0.14,20 K,,
728,chu2009high-CC,21,x = 0.11 and 0.14,43 K,,
729,chu2009high-CC,21,x = 0.05 and 0,29 K,,
730,chu2009high-CC,21,x = 0.05 and 0,20 K,,
731,chu2009high-CC,21,LaOFeP,5.8 K,,
732,chu2009high-CC,21,LaOFeP,8.8 K,1 GPa,
733,chu2009high-CC,21,LaOFeP,7 K,,
734,chu2009high-CC,21,LaOFeP,7 K,,
735,chu2009high-CC,23,"RO 1-y FeAs (R=Sm, Nd, Gd)",54 K,,
736,chu2009high-CC,23,"NdO 1-y FeAs with a nominal 1-y = 0.6, 0.8 and 0.85",54 K,ambient,
737,chu2009high-CC,23,"NdO 1-y FeAs with a nominal 1-y = 0.6, 0.8 and 0.85",41 K,ambient,
738,chu2009high-CC,23,"NdO 1-y FeAs with a nominal 1-y = 0.6, 0.8 and 0.85",0 K,,
739,chu2009high-CC,23,"NdO 1-y FeAs with a nominal 1-y = 0.6, 0.8 and 0.85",0 K,ambient,
740,chu2009high-CC,23,1-y = 0.85,20 K,16 GPa,
741,chu2009high-CC,25,x ~ 0.4 -0.5,38 K,,
742,chu2009high-CC,26,(Ba 1-x K x )Fe 2 As 2 with x = 0.45,30 K,,
743,chu2009high-CC,27,Ba(Fe 1- x Co x ) 2 As 2 (x=0.1),22 K,,
744,chu2009high-CC,30,single crystal CaFe 2 As 2,12 K,0.23 GPa,ρ(T)
745,chu2009high-CC,30,,12 K,2 GPa,ρ(T)
746,chu2009high-CC,37,single crystal of SrFe 2 As 2,27 K,2.5 GPa,
747,chu2009high-CC,37,single crystal of SrFe 2 As 2,20 K,5.2 GPa,
748,chu2009high-CC,37,single crystal of SrFe 2 As 2,superconducting state ceases to exist,,
749,chu2009high-CC,37,single crystal of SrFe 2 As 2,superconducting state ceases to exist,3.7 GPa,
750,chu2009high-CC,39,SrFe 2 As 2,34 K,14 GPa,
751,chu2009high-CC,39,SrFe 2 As 2 single crystals,34 K,3.5 GPa,resistivity
752,chu2009high-CC,39,,34 K,2 GPa,resistivity
753,chu2009high-CC,40,BaFe 2 As 2,29 K,2 to 2.5 GPa,
754,chu2009high-CC,43,LiFeAs,18 K,,
755,chu2009high-CC,43,NaFeAs,12 K,,
756,chu2009high-CC,46,undoped EuFe 2 (As 0.7 P 0.3 ) 2,up to 26 K,,
757,chu2009high-CC,46,BaFe 2 (As 1-x P x ) 2,30 K,,
758,chu2009high-CC,49,FeSe x,27 K,up to 1.5 GPa,
759,chu2009high-CC,49,α-FeSe x,8 K,,
760,chu2009high-CC,53,FeSe,8 K,,
761,mydeen2010temperature-CC,2,LaFeAsO 0.89 F 0.11,26 K,,
762,mydeen2010temperature-CC,2,LaFeAsO 0.89 F 0.11,up to 43 K,4 GPa,
763,mydeen2010temperature-CC,4,"As free ""111"" compound LiFeP",below 6 K,,
764,mydeen2010temperature-CC,7,,6 K,ambient pressure,
765,SCinTiO_1612.02502-CC,1,mercury,temperature of liquid helium,,
766,SCinTiO_1612.02502-CC,1,Magnesium diboride,39 K,,
767,SCinTiO_1612.02502-CC,1,sulphur hydride,203 K,,
768,SCinTiO_1612.02502-CC,1,Ti4O7,3.0,,
769,SCinTiO_1612.02502-CC,1,g-Ti3O5 films synthesized using advanced epitaxial growth on specific oxide substrates,7.1 K,,
770,SCinTiO_1612.02502-CC,12,Ti4O7,3.0 K,,
771,SCinTiO_1612.02502-CC,12,g-Ti3O5,7.1 K,,
772,SCinTiO_1612.02502-CC,12,TiO,2.3 K,,
773,SCinTiO_1612.02502-CC,12,NbO,1.4 K,,
774,SCinTiO_1612.02502-CC,12,SnO,1.4 K,under 9.3 GPa,
775,SCinTiO_1612.02502-CC,15,Ti4O7 film,2.9 K,,
776,SCinTiO_1612.02502-CC,26,Ti4O7 film,3.0 K,,resistivity
777,SCinTiO_1612.02502-CC,26,Ti4O7 film,2.7 K,,
778,SCinTiO_1612.02502-CC,26,Ti4O7 film,2.5 K,,
779,SCinTiO_1612.02502-CC,26,Ti4O7 film,2.5 K,,
780,SCinTiO_1612.02502-CC,26,g-Ti3O5 film,7.1 K,,resistivity
781,SCinTiO_1612.02502-CC,26,g-Ti3O5 film,6.6 K,,
782,SCinTiO_1612.02502-CC,26,g-Ti3O5 film,5.8 K,,
783,SCinTiO_1612.02502-CC,26,g-Ti3O5 film,5.8 K,,
784,SCinTiO_1612.02502-CC,26,Ti4O7 film,2.7 K,,resistivity
785,SCinTiO_1612.02502-CC,26,Ti4O7 film,2.5 K,,resistivity
786,SCinTiO_1612.02502-CC,26,Ti4O7 film,2.5 K,,resistivity
787,SCinTiO_1612.02502-CC,26,Ti4O7 film,6.6 K,,resistivity
788,SCinTiO_1612.02502-CC,26,Ti4O7 film,5.8 K,,resistivity
789,SCinTiO_1612.02502-CC,26,Ti4O7 film,5.8 K,,resistivity
790,SCinTiO_1612.02502-CC,42,Ti4O7 film,2.9 K,,
791,Tc4k_interfaceBi_Ni-CC,1,Ni/Bi bilayers,near 4 K,,
792,Tc4k_interfaceBi_Ni-CC,4,Ni(3 nm)/Bi(20 nm),about 4 K,,
793,Tc4k_interfaceBi_Ni-CC,8,Bi(15 nm)/Ni(4 nm),4 K,,
794,Tc4k_interfaceBi_Ni-CC,8,Ni(6 nm),4 K,,
795,Tc4k_interfaceBi_Ni-CC,8,35 nm of Bi,4 K,,
796,Tc4k_interfaceBi_Ni-CC,10,Indium,3.41 K,,
797,1802.03907-CC,1,Sr 2 VFeAsO 3 (21113V),37.1 K,,
798,1802.03907-CC,3,Sr 2 ScFePO 3,17 K,,
799,1802.03907-CC,3,Sr 2 VFeAsO 3,37.2 K,,
800,1802.03907-CC,3,"Sr 2 (Mg, Ti)FeAsO 3",33-39 K,,
801,1802.03907-CC,3,Ca 2 AlFePO 3-y,17.1 K,,
802,1802.03907-CC,3,Ca 2 AlFeAsO 3-y,28.3 K,,
803,1802.03907-CC,4,Sr 2 VFeAsO 3−δ,37.2 K,ambient pressure,
804,1802.03907-CC,22,0.031 ≤ δ ≤ 0.145,30 ≤,,
805,1802.03907-CC,22,0.031 ≤ δ ≤ 0.145,≤ 37 K,,
806,1802.03907-CC,40,δ = 0.145,37.1 K,,
807,1802.09882-CC,3,Sn 1−x In x Te,4.5 K,,
808,Rb2Cr3As3_quasi1D_SC1412.2596-CC,1,Rb2Cr3As3,4.8 K,,electrical resistivity
809,Rb2Cr3As3_quasi1D_SC1412.2596-CC,3,K 2 Cr 3 As 3,6.1 K,,
810,Rb2Cr3As3_quasi1D_SC1412.2596-CC,4,Tl 2 Mo 6 Se 6,4.2 K,,
811,Rb2Cr3As3_quasi1D_SC1412.2596-CC,4,Rb 2 Cr 3 As 3,4.8 K,,
812,Rb2Cr3As3_quasi1D_SC1412.2596-CC,8,Rb 2 Cr 3 As 3 polycrystalline,4.8 K,,resistivity
813,Rb2Cr3As3_quasi1D_SC1412.2596-CC,16,Rb2Cr3As3,4.8 K,,magnetization
814,Rb2Cr3As3_quasi1D_SC1412.2596-CC,16,Rb2Cr3As3,below 4.8 K,,specific-heat
815,HfV2O431805.08285-CC,1,HfV 2 Ga 4,3.9 K,,predicts
816,HfV2O431805.08285-CC,1,HfV 2 Ga 4,4.1 K,,
817,HfV2O431805.08285-CC,3,HfV 2 Ga 4,4.1 K,,
818,HfV2O431805.08285-CC,12,HfV 2 Ga 4,3.9 K,,estimated
819,HfV2O431805.08285-CC,12,HfV 2 Ga 4,4.1 K,,
820,HfV2O431805.08285-CC,27,HfV 2 Ga 4,3.9 K,,predicts
821,HfV2O431805.08285-CC,27,HfV 2 Ga 4,4.1 K,,
822,MAT0305503-CC,1,Na0.31CoO2•1.3H2O,4.3 K,,electrical
823,MAT0305503-CC,1,Na0.31CoO2•1.3H2O,4.3 K,,magnetic
824,MAT0305503-CC,1,Na0.31CoO2•1.3H2O,4.3 K,,thermal
825,MAT0305503-CC,1,Na 0.31 CoO 2 •1.3H 2 O,4.3 K,,thermal
826,MAT0305503-CC,1,Na0.31CoO2•1.3H2O,4.3 K,,thermal
827,MAT0305503-CC,7,Na 0.31 CoO 2 •1.3H 2 O,4.3 K,,magnetic
828,MAT0305503-CC,7,Na 0.31 CoO 2 •1.3H 2 O,4.3 K,,suscep- tibility
829,MAT0305503-CC,10,,4.3 K,,specific heat
830,MAT0106521-CC,1,Cd 2 Re 2 O 7,1.1 K,,
831,MAT0106521-CC,4,Cd 2 Re 2 O 7,1.1 K,,
832,MAT0106521-CC,6,Cd 2 Re 2 O 7,1.1 K,,electrical resistivity
833,MAT0106521-CC,6,Cd 2 Re 2 O 7,below 1.05 K,,
834,MAT0106521-CC,6,rhenium,1.7 K,,
835,MAT0106521-CC,6,Cd 2 Re 2 O 7,1.1 K,,
836,MAT0106521-CC,6,Cd 2 Re 2 O 7,1.1 K,,
837,MAT0106521-CC,6,Cd 2 Re 2 O 7,below 1.05 K,,electrical resistivity
838,MAT0106521-CC,6,Cd 2 Re 2 O 7,1.1 K,,electrical resistivity
839,MAT0106521-CC,6,Cd 2 Re 2 O 7,1.1 K,,electrical resistivity
840,MAT0106521-CC,7,Cd 2 Re 2 O 7,below 1.1 K,,
841,MAT0106521-CC,7,,below 1.06 K,,magnetic susceptibility
842,P066024502-CC,7,Bi2212 single crystals,85 K,,
843,P066024502-CC,12,Bi2212 single crystal,∼86 K,,resistance
844,P066024502-CC,15,thinner than 4 unit cells,25 K,,resistance
845,P066024502-CC,23,thinner than 4 unit cells,25 K,,
846,P066132510-CC,1,high- pressure oxidized Cu0.75Mo0.25Sr2YCu2O7.54,84 K,,
847,P066132510-CC,1,high- pressure oxidized Cu0.75Mo0.25Sr2YCu2O7.54,84 K,,magnetization
848,P066132510-CC,2,"Cu 1−x Mo x Sr 2 (Y,Ce) s Cu 2 O 5+2s+δ",up to 87 K,,
849,P066132510-CC,8,Cu 1−x Mo x Sr 2 YCu 2 O 7+δ,84 K,,specific heat
850,P066132510-CC,8,underdoped (op- timally doped) Y123,60 (90) K,,specific heat
851,P066132510-CC,9,"oxi- dized (Cu,Mo)1212",as high as 84 K,,
852,P066132510-CC,13,optimally doped Y123,92 K,,specific heat
853,P066132510-CC,13,optimally-and over-doped La 2−x Sr x CuO 4 (La214) single crystals,35 K to 0 K,,specific heat
854,P066132510-CC,19,over- doped La2−xSrxCuO4 with x=0.259,6.5 K,,
855,P066132510-CC,19,"(Cu,Mo)1212 powder",84 K,,
856,P066020501-CC,1,YBa2(Cu1−yCoy)3O 7+δ (y=0.013,93 K,,
857,P066020501-CC,2,fully oxydised superconducting YBa 2 Cu 3 O 7,93 K,,
858,P066020501-CC,4,y=0.013,93 K,,
859,P066020501-CC,19,YBa 2 (Cu 1−y Co y ) 3 O 7+δ (y=0.013,93 K,,
860,P067172501-CC,6,"x Pr =0.1, 0.25 and 0.43","86, 88 and 48 K",,
861,P067172501-CC,6,x Er =0.1,87 K,,
862,P066024503-CC,1,Ce=0.6,35 K,,
863,P066024503-CC,3,Nb-2122,28-30 K,,
864,P066024503-CC,3,Ta-2122,28-30 K,,
865,P066024503-CC,5,Ru-2122 materials (for R=Eu),32-50 K,,
866,P066024503-CC,11,Eu 2-x Ce x RuSr 2 Cu 2 O 10-δ,35 K,,susceptibility
867,P066024503-CC,11,Ce=0.6,35 K,,susceptibility
868,P066024503-CC,12,Nb-2122,28-30 K,,
869,P066024503-CC,12,Ta-2122,28-30 K,,
870,NAT3500600,0,potassium-doped C60,18 K,,
871,NAT3500600,1,potassium-doped C60 both as films and bulk,16 K,,resistivity
872,NAT3500600,1,potassium-doped C60 both as films and bulk,5 K,,
873,NAT3500600,1,potassium-doped C60 both as films and bulk,18 K,,
874,NAT3500600,1,potassium-doped C60 both as films and bulk,18 K,,
875,NAT3500600,1,potassium-doped C60 both as films and bulk,18 K,,
876,NAT3500600,1,potassium-doped C60 both as films and bulk,18 K,,
877,NAT3500600,1,potassium-doped C60 both as films and bulk,18 K,,
878,NAT3500600,1,potassium-doped C60 both as films and bulk,16 K,,resistance
879,NAT3500600,1,potassium-inter- calated graphite,5 K,,resistivity
880,NAT3500600,4,KxC60 film,below 5 K,,resistivity
881,NAT3500600,4,KxC60 film,4.6 K,,
882,NAT3500600,4,potassium-inter- calated graphite,4.6 K,,resistivity
883,NAT3500600,6,K3C60,18 K,,magnetization
884,NAT3500600,6,K3C60,below 18 K,,
885,NAT3500600,6,potassium-inter- calated graphite,below 18 K,,magnetization
886,NAT3500600,8,KxC60,18-K,,
887,NAT3500600,8,potassium-inter- calated graphite,0.55 K,,resistance
888,P066214509-CC,3,(Sr 1−x Nd x )CuO 2,43 K,,
889,P066214509-CC,10,Sr 1−x La x CuO 2,43 K,,susceptibility
890,P066214509-CC,10,x = 0.1,43 K,,susceptibility
891,P066214509-CC,11,Sr(La)-112,43 K,,
892,P066214509-CC,11,Sr(La)-112,43 K,,susceptibility
893,P066214509-CC,13,Sr(La)-112,42.6 K,,
894,P066214509-CC,15,Sr 0.9 La 0.1 CuO 2,43 K,,
895,P066214509-CC,17,Sr0.9La0.1CuO2,42.6 K,,susceptibility
896,P066214509-CC,17,Sr0.9La0.1CuO2,42.6 K,,magne- tization
897,P066104528-CC,5,LYSCO,17 K,,magnetization
898,P066104528-CC,5,LSCO,27 K,,
899,P066104528-CC,5,orthorhombic LSCO,27 K,,magnetization
900,P066104528-CC,8,orthorhombic LSCO,27 K,,
901,P063224522-CC,3,MgAlB 2,12K,,
902,P063224522-CC,3,pure MgB 2,39 K,,
903,P063224522-CC,4,NbB 2,3.87 K,,
904,P063224522-CC,4,Zr 0.13 Mo 0.87 B 2+x,above 11 K,,
905,P063224522-CC,18,"0,1,2 and 4 hr","39.21, 39.15, 39.23 and 39.08(5)K",,
906,P065224520-CC,3,Sr 1-x La x CuO 2,~40 K,,
907,P065224520-CC,3,R 2-x Ce x CuO 4,<25 K,,
908,P065224520-CC,5,Sr 0.9 La 0.1 CuO 2,43 K,,magnetization
909,P065224520-CC,10,,44 K,,susceptibility
910,P065224520-CC,16,Sr 0.9 Nd 0.1 CuO 2,24 K,,
911,P065224520-CC,19,YBa 2 Cu 3 O 7,9 0 K,,
912,P065224520-CC,19,La 1.85 Sr 0.15 CuO 4,38 K,,
913,P064172514-CC,6,BSLCO crys- tals,as high as 38 K,,
914,P066020503-CC,7,most overdoped,<1.5 K,,
915,P066020503-CC,8,Bi-2201 polycrystalline,20 K,,
916,P066020503-CC,14,overdoped case of Bi(Pb)-2201,<4 K,,
917,MPL0150497-CC,3,x = 0,30K,,
918,MPL0150497-CC,3,x = 0.015 and 0.05,from ∼ 15K to ∼ 30K,,
919,MPL0150497-CC,3,x = 0.015,16K to 26K,,
920,MPL0150497-CC,6,δ = 0.024,16 K,,
921,MPL0150497-CC,6,δ = 0.032,26 K,,
922,MPL0150497-CC,15,δ = 0.032,26 K,,
923,MPL0150497-CC,15,δ = 0.032,15K,,
924,MPL0150497-CC,15,δ = 0.032,30K,,
925,MPL0150497-CC,15,δ = 0.032,16 K,,
926,MPL0150497-CC,15,δ = 0.024,30 K,,
927,MPL0150497-CC,23,δ = 0.024,16 K,,
928,MPL0150497-CC,23,δ = 0.032,16 K,,
929,MPL0150497-CC,23,δ = 0.024,30 K,,
930,MPL0150497-CC,23,δ = 0.032,30 K,,
931,MPL0150497-CC,25,underdoped Bi 2 Sr 2 CaCu 2 O 8+δ (Bi2212),67 K,,
932,MPL0150497-CC,26,Tl 2 Ba 2 CuO 6+δ,88 K,,
933,MPL0150497-CC,28,δ = 0.024,16 K,,
934,MPL0150497-CC,28,δ = 0.024,30 K,,
935,MPL0150497-CC,29,δ = 0.032,16 K,,
936,MPL0150497-CC,29,δ = 0.032,30 K,,
937,P064144524-CC,13,La 2−x Ba x CuO 4 with x = 0.11,10.2 K,,susceptibility
938,P064144524-CC,14,single-crystal La 2−x Ba x CuO 4 with x = 0.11,17.8 K,,resistivity
939,P064144524-CC,20,single-crystal La2−xBaxCuO4 with x = 0.11,below ∼ 30 K,,
940,P065104523-CC,2,Sr 2 RuO 4,≈ 1 K,,
941,P068214517-CC,1,Na 0.31(3) CoO 2 •1.25(2)D 2 O,4.5 K,,
942,P068214517-CC,2,Na 0.3 CoO 2 •1.4H 2 O,4.5 K,,
943,P068214517-CC,2,1/4≤x≤1/3,>2 K,,
944,P068214517-CC,2,x≈0.3,4.5 K,,
945,P068214517-CC,6,Na 0.31 CoO 2 •1.25D 2 O,4.5 K,,AC susceptibility
946,P068214517-CC,17,Na x CoO 2 •yD 2 O,4.5 K,,
947,P068214517-CC,17,Na contents above x=1/3,~2 K,,
948,P068214517-CC,18,Na concentration from 0.30 to 0.26,from 4.5 K to 2 K,,
949,P068214517-CC,19,Na x CoO 2 •yD 2 O,4.5 K,,
950,P070020503-CC,1,RbOs 2 O 6,6.4 K,,
951,P070020503-CC,14,RbOs 2 O 6,6.37 ± 0.03,,
952,P070020503-CC,16,RbOs 2 O 6,6.4 K,,specific heat
953,P070020503-CC,16,RbOs 2 O 6,6.37 ± 0.03,,
954,PHC1910237,2,Sr 2 Nd 1.5 Ce 0.5 NbCu 2 -O 10-δ,28 K,,
955,P072220505-CC,2,MgB 2,39 K,,
956,P072220505-CC,2,MgB 2,41.8 K,,
957,P072220505-CC,6,MgB 2,38.7 K,,
958,P072220505-CC,10,poly- crystalline MgB 2,38.7 K,,
959,P072220505-CC,10,poly- crystalline MgB 2,37.8 K,,
960,P072220505-CC,10,poly- crystalline MgB 2,38.7 K,,
961,P072220505-CC,10,poly- crystalline MgB 2,38.7 K,,
962,P072220505-CC,12,Tantalum,4.4 K,,magnetic susceptibility
963,P072174508-CC,1,RuSr2GdCu2O8,56 K,,
964,P072174508-CC,2,RuSr 2 GdCu 2 O 8,60 K,,
965,P072174508-CC,2,RuSr 2 EuCu 2 O 8,40 K,,zero-field-cooled (ZFC)
966,P072174508-CC,2,RuSr 2 SmCu 2 O 8,12 K,,
967,P072174508-CC,7,RuSr2GdCu2 O8,56 K,,
968,P072174508-CC,7,RuSr2GdCu2 O8,39 K,,
969,P072174508-CC,8,,39 K,,susceptibility
970,P072174508-CC,10,RuSr2GdCu2O8,39 K,,
971,P072174508-CC,11,RuSr2GdCu2O8,56 K,,
972,P072174508-CC,11,RuSr2GdCu2O8,39 K,,
973,P072174508-CC,14,RuSr 2 GdCu 2 O 8,56 K,,resistivity
974,P072174508-CC,14,RuSr 2 GdCu 2 O 8,39 K,,
975,P072174508-CC,14,,39 K,,resistivity
976,P072174508-CC,19,YBa 2 Cu 3 O 7,93 K,,
977,P072174508-CC,19,TlBa 2 CaCu 2 O 7,103 K,,
978,P072174508-CC,19,x = 0.1,up to 65 K,,
979,P072174508-CC,19,x = 0.4,72 K,,
980,PCS2739-CC,1,Cd 2 Re 2 O 7,1.0 K,,
981,PCS2739-CC,5,Cd 2 Re 2 O 7,1.0 K,,
982,PCS2739-CC,6,Single crystals of Cd 2 Re 2 O 7,~ 1.0 K,,
983,P072180504-CC,3,Ag 5 Pb 2 O 6,52.4 mK,,
984,P072180504-CC,6,Ag 5 Pb 2 O 6,52.4 mK,,susceptibility
985,P072180504-CC,7,Ag5Pb2O6,52.4 mK,,susceptibility
986,P072180504-CC,12,tungsten,15.4 mK,,
987,P068100502-CC,3,OD Tl 2 Ba 2 CuO 6+δ (Tl2201),15K,,
988,P069014507-CC,8,F e(Co or T i)-doped R-123 phase Y Sr 2 F e x Cu 1−x O 6+δ with x = 0.3,30−50K,,
989,P069014507-CC,8,Y Sr 2 Cu 2.7 F e 0.3 O 7+δ,60K,,
990,P069014507-CC,8,F eSr 2 Y Cu 2 O 7+δ,60K,,
991,P069014507-CC,9,F e 0.5 Cu 0.5 BaSrY Cu 2 O 7+δ,77K,,
992,P069014507-CC,17,HP-sample,83K,,R-T curve
993,P069014507-CC,17,HP-sample,63K,,
994,P069014507-CC,17,Y Ba 2 Cu 3 O 7−δ,63K,,R-T curve
995,P069014507-CC,20,F e 0.5 Cu 0.5 Sr 2 Y Cu 2 O 7+δ,77K,,M-T curve
996,P069014507-CC,22,F e 0.5 Cu 0.5 BaSrY Cu 2 O 7+δ,60K,,
997,P069014507-CC,25,F eSr 2 Y Cu 2 O 7+δ,60K,,
998,P069014507-CC,27,Y Sr 2 Cu 3 O 7−δ,30-80K,,
999,P069014507-CC,27,Y Ba 2 Cu 3 O 7−δ,92K,,
1000,PHB1480442,1,YBa2Cu307,90 K,,
1001,PHB1480442,2,"La2_x(Ba , Sr, Ca)xCuO4_y",40 K,,
1002,PHB1480442,2,(RE)Ba2Cu30 7,above 90 K,,
1003,PHB1480442,10,YBa2Cu3OT,91 K,,resistivity
1004,PHB1480442,10,YBa2Cu3OT,91.0K,,resistivity
1005,PHB1480442,12,YBa2C%O 7,91.8 K,,specific heat
1006,PHB1480442,16,YBa2Cu307,91.8 K,,specific heat
1007,PHB1480442,16,YBa2Cu307,100K,,
1008,P071184510-CC,12,Zn-free,85K,,
1009,P071184510-CC,12,y = 0.06,27.9K,,ρ(T)
1010,P071184510-CC,12,y = 0.06 and x = 0.20,32K,,ρ(T)
1011,P071184510-CC,20,Bi-2212,62K,,
1012,P071184510-CC,20,optimally doped Bi-2212,62K,,
1013,P071184510-CC,29,pure Y123,93K,,
1014,P072094504-CC,2,MgB 2,39 K,,
1015,P072094504-CC,4,lead,7.2K,,
1016,P072104504-CC,1,RbOs2O6,6.3 K),,
1017,P072104504-CC,16,RbOs 2 O 6,6.32(19) K,,
1018,P072104504-CC,16,RbOs 2 O 6,6.33(1) K,,
1019,P071104513-CC,0,La 1.48 Nd 0.4 Sr 0.12 CuO 4,3 K,,
1020,P071104513-CC,0,La 1.48 Nd 0.4 Sr 0.12 CuO 4,22 K,5 GPa,
1021,P071104513-CC,0,La 1.48 Nd 0.4 Sr 0.12 CuO 4,12 K,,
1022,P071104513-CC,0,La 1.48 Nd 0.4 Sr 0.12 CuO 4,12 K,19 GPa,
1023,P071104513-CC,7,La 1.48 Nd 0.4 Sr 0.12 CuO 4,4.3 K,,
1024,P071104513-CC,9,La 1.48 Nd 0.4 Sr 0.12 CuO 4,3.5 K,ambient pressure,magnetic susceptibility
1025,P071104513-CC,17,La 1.48 Nd 0.4 Sr 0.12 CuO 4,22 K,5 GPa,
1026,P071104513-CC,17,La 1.88 Sr 0.12 CuO 4 polycrystalline,30 K,ambient pressure,
1027,P071104513-CC,18,La 1.64 Eu 0.2 Sr 0.16 CuO 4,10 K,,
1028,P071104513-CC,18,La 1.64 Eu 0.2 Sr 0.16 CuO 4,17 K,0.3 GPa,
1029,P071104513-CC,18,La 1.64 Eu 0.2 Sr 0.16 CuO 4,22 K,,
1030,P071104513-CC,18,La 1.64 Eu 0.2 Sr 0.16 CuO 4,22 K,~0.5 GPa,
1031,P071104513-CC,19,La 1.48 Nd 0.4 Sr 0.12 CuO 4,22 K,,
1032,P071104513-CC,22,La 1.6-x Nd 0.4 Sr x CuO 4,22 K,,
1033,P071104513-CC,22,x = 1/8,22 K,,magnetic susceptibility
1034,P068132504-CC,2,two-dimensional CoO 2 layers in the com- pound Na 0.35 CoO 2 •yH 2 O,5 K,,Magnetic susceptibility mea- surements
1035,P068132504-CC,4,Na x CoO 2 •yH 2 O powder,4.7 K,,Magnetic susceptibility
1036,P068132504-CC,6,Na 0.35 CoO 2 •yH 2 O powder,4.2 K,1.53 GPa,
1037,P068132504-CC,7,Na 0.35 CoO 2 •yH 2 O,4.7 K,,
1038,P069184513-CC,1,y = 0.993,89 K,,
1039,P069184513-CC,1,y = 0.77,75 K,,
1040,P069184513-CC,1,y = 0.52,56 K,,
1041,P069184513-CC,26,y=0.93,93 K,,
1042,P069184513-CC,36,YBa 2 Cu 3 O 6.60,59 K,,
1043,P069184513-CC,36,optimally doped sample of YBa 2 Cu 3 O 6.95,93 K,,
1044,P070052502-CC,1,Na x CoO 2 ⋅yH 2 O,4.5 K,,
1045,P070052502-CC,4,Na x CoO 2 ⋅yH 2 O,~5 K,,
1046,P070052502-CC,5,Na x CoO 2 ⋅yH 2 O,4.5 K,,
1047,P070052502-CC,6,Na x CoO 2 ⋅yH 2 O,~4.5 K,,magnetic susceptibility
1048,P071100502-CC,4,PLCCO crystals,24 K,,Magnetic susceptibility
1049,P071100502-CC,4,PLCCO crystals,21 K,,
1050,P071100502-CC,4,PLCCO crystals,16 K,,
1051,P071100502-CC,4,PLCCO crystals,16 K,,
1052,P071100502-CC,9,Pr 1-x LaCe x CuO 4-δ,24 K,,
1053,P071100502-CC,10,PLCCO,from 16 K to 21 K,,
1054,P071100502-CC,10,PLCCO,16 K,,
1055,P071100502-CC,10,PLCCO,21 K,,
1056,P071100502-CC,10,PLCCO,21 K,,
1057,P071100502-CC,10,PLCCO,16 K,,
1058,P071100502-CC,10,PLCCO,16 K,,
1059,P071100502-CC,10,PLCCO,16 K,,
1060,P071100502-CC,10,PLCCO,16 K,,
1061,P071100502-CC,10,PLCCO,16 K,,
1062,P071100502-CC,10,PLCCO,16 K,,
1063,P071100502-CC,10,PLCCO,16 K,,
1064,P071100502-CC,13,PLCCO,21 K,,
1065,P071100502-CC,15,PLCCO,24 K,,magnetic susceptibility
1066,P071100502-CC,15,PLCCO,21 K,,
1067,P071100502-CC,16,PLCCO,21 K,,
1068,P071100502-CC,16,PLCCO,16 K,,
1069,P071100502-CC,16,PLCCO,16 K,,
1070,P071100502-CC,16,PLCCO,16 K,,
1071,P072064520-CC,1,La2C3,13 K),,
1072,P072064520-CC,2,binary Y 2 C 3,18 K,,
1073,P072064520-CC,4,Y 2 C 3,18 K,,
1074,P072064520-CC,4,La 2 C 3,up to 13.2 K,,
1075,P072064520-CC,6,La2C3,5.6 K,,magnetic suscepti- bility
1076,P072064520-CC,6,La2C3,13.2 K,,
1077,P072064520-CC,6,La 2 C 3,11 K,,
1078,P072064520-CC,7,La 2 C 3,13.5,,resistivity
1079,P072064520-CC,7,La 2 C 3,13.5,,magnetic susceptibility
1080,P072064520-CC,7,cI16 phase of Li,13.5,,heat capacity
1081,P072064520-CC,7,La 2 C 3,13.5,,heat capacity
1082,P072064520-CC,7,La 2 C 3,13.5,,heat capacity
1083,P072064520-CC,14,cI16 phase of Li,10 K,,magnetic susceptibility
1084,P070054519-CC,1,LiTi 2 O 4,~1 1.4 K,,
1085,P070054519-CC,3,LiTi 2 O 4,10-12 K,,resistivity
1086,P070054519-CC,3,polycrystalline BaPb 1-x Bi x O 3,~1 2 K,,specific heat
1087,P070054519-CC,3,LiTi 2 O 4,10-12 K,,magnetic susceptibility
1088,P070054519-CC,4,LiTi 2 O 4,~11.4 K,,specific heat
1089,P070054519-CC,7,LiTi 2 O 4,11.4 K,,
1090,P070054519-CC,14,Cd 2 Re 2 O 7,1 K,,
1091,P070054519-CC,14,Na 0.35 CoO 2 ．1.3H 2 O,5 K,,
1092,P070054519-CC,14,KOs 2 O 6,9 K,,magnetic susceptibility
1093,P071134526-CC,3,"Sr 0.9 M 0.1 CuO 2 (M = La, Gd)",43 K,,
1094,P071134526-CC,5,Sr0.9La0.1CuO2,43K,,
1095,P071134526-CC,6,polycrys- talline Sr 0.9 Gd 0.1 CuO 2,43 K,,C(T )
1096,P071134526-CC,8,Sr 0.9 Gd 0.1 CuO 2,43 K,,M (T )
1097,P071134526-CC,8,Sr 0.9 La 0.1 CuO 2,43 K,,M (T )
1098,P071134526-CC,8,Sr 0.9 Gd 0.1 CuO 2,43 K,,C(T )
1099,P071134526-CC,8,Sr 0.9 La 0.1 CuO 2,43 K,,C(T )
1100,P071134526-CC,11,polycrys- talline Sr 0.9 Gd 0.1 CuO 2,43 K,,specific heat
1101,P068064507-CC,1,middle R ions (Sm and Eu),18-23 K,,
1102,P068064507-CC,2,Ru-1222,32-50 K,,
1103,P068064507-CC,2,M-1222 (M= Nb and Ta),∼28-30 K,,
1104,P068064507-CC,3,middle R=Sm and Eu,18-23 K,,
1105,P068064507-CC,8,Mo-1222Eu,23 K,,ac
1106,P068064507-CC,8,R=Sm,18,,
1107,P068064507-CC,11,Mo-1222 (Mo 5+ ),20 K,,
1108,PHC1580178,7,Nd 1:85 Ce 0:15 CuO 4,24 K,,resistivity
1109,PHC1580178,7,Nd 2 CuO 4,25 K,,
1110,PHC1580178,7,Nd 2 CuO 4,27 K,,
1111,PHC1580178,7,Nd 2 CuO 4,25 K,,
1112,PHC1580178,7,Nd 2 CuO 4,25 K,,resistivity
1113,P072214523-CC,8,ZrZn 2,0.6 K,,resistivity
1114,P072214523-CC,12,ZrZn2,0.6 K,,
1115,P072214523-CC,22,Al films of thickness 250Å,1.7 K,,
1116,P068132507-CC,1,Na0.35CoO2•1.3H2O,4.6 K,,magnetization
1117,P068132507-CC,2,Na 0.35 CoO 2 •1.3H 2 O,≃5 K,,
1118,P068132507-CC,5,Na 0.35 CoO 2 •1.3H 2 O,4.56 K,,magnetization
1119,P068132507-CC,13,Na 0.5 CoO 2,4.59 K,,
1120,P068132507-CC,14,Na 0.35 CoO 2 •1.3H 2 O,4.6 K,,
1121,P072224509-CC,1,ZrB12,6.0 K,0,Magnetization
1122,P072224509-CC,4,in- dium,3.4 K,,
1123,P072224509-CC,8,ZrB 12,6.09(2) K,,Magnetization
1124,P069174506-CC,1,La2CuO4.11,43 K,,
1125,P069174506-CC,3,Oxygen-doped La 2 CuO 4+y,43 K,,
1126,P069174506-CC,8,single crystal of La 2 CuO 4.11,43 K,,
1127,P069174506-CC,9,stage-4 phase,43 K,,
1128,P069174506-CC,9,stage-4 phase,43 K,,
1129,P069174506-CC,9,stage-4 phase,43 K,,
1130,P069174506-CC,9,stage-4 phase,43 K,,magnetization
1131,P069174506-CC,9,stage-6 phase,32 K,,magnetization
1132,P069174506-CC,12,La 2 CuO 4.11 single crystal,43 K,,specific heat
1133,P069174506-CC,19,La 2 CuO 4.11,42-43 K,,specific heat
1134,P072014504-CC,9,Pb-free series with x = 0.33,18 K,,
1135,P072014504-CC,9,additional Pb doping with x = 0.36,34 K,,
1136,P072014504-CC,9,Samples without La,6 K,,
1137,P072014504-CC,9,Pb-free,6 K,,
1138,P072014504-CC,9,Pb-doped,12 K,,
1139,P072014504-CC,16,Pb-free,17 K,,
1140,P072014504-CC,16,Pb- doped,34 K,,
1141,P070214505-CC,4,x=0.22,27.4K,,susceptibility
1142,P070214505-CC,4,x=0.15,36.1K,,
1143,P070214505-CC,4,x=0.063,12K,,
1144,P070214505-CC,4,x=0.063,12 K,,
1145,P070214505-CC,4,p = 0.069,12 K to 9 K,,
1146,P070214505-CC,4,x = p = 0.063,9 K,,
1147,P070214505-CC,4,La 2−x Sr x CuO 4 (p = 0.069),36.1K,,susceptibility
1148,P070214505-CC,4,La 2−x Sr x CuO 4 (p = 0.069),12K,,susceptibility
1149,P070214505-CC,4,La 2−x Sr x CuO 4 (p = 0.069),12K,,susceptibility
1150,P070214505-CC,12,x = 0.22,27.4 K,,
1151,P070214505-CC,28,La 2−x Sr x CuO 4 (p = 0.069),12 K to 9 K,,
1152,P068180505-CC,0,three-layer Na 0.3 CoO 2 •1.3H 2 O,4.3 K,,
1153,P068180505-CC,2,Na 0.35 CoO 2 •1.35H 2 O,near 4 K,,
1154,P068180505-CC,2,three-layer Na 0.30 CoO 2 ⋅1.3H 2 O,4.3 K,,
1155,P068180505-CC,9,three-layer Na 0.30 CoO 2 •1.3H 2 O,range of 3K,,
1156,PHC4020027-CC,6,Na 0.3 CoO 2 •1.3H 2 O,4.2 K,,
1157,PHC4030200-CC,2,B 0.63 K 0.37 BiO 3,31 K,,
1158,PHC4030200-CC,3,Single crystal of B 1−x K x BiO 3 (x=0.37),31K,,
1159,PHC3200009-CC,1,Bi2Sr2CaCu2O 8+δ,86 K,,
1160,PHC3200009-CC,6,optimally- doped Tl 2 Ba 2 CuO 6 crystals (Tl-2201),91 K,,
1161,PHC3200009-CC,6,Tl-2201 crystals,86 K,,
1162,PHC3200009-CC,6,Bi-2212,86 K,,
1163,PHC3200009-CC,7,Tl-2201,91 K,,
1164,PHC3200009-CC,11,Tl-2201 crystals,86 K,,
1165,PHC3200009-CC,19,optimally-doped Bi-2212,93-95 K,,
1166,PHC3200009-CC,19,Tl-2201,86 K,,
1167,PHC3200009-CC,19,Tl-2201,91 K,,
1168,PHC3200009-CC,19,Bi-2212 is annealed in air,∼86 K,,
1169,PHC3200009-CC,19,Air annealed Tl-2201,∼82 K,,
1170,PHC3200009-CC,21,single crystals of Tl-2201,86 K,,
1171,PHC3200009-CC,21,Tl-2201,91 K,,
1172,PHC3411655-CC,4,PCCO,19 K,,
1173,PHC3411655-CC,4,NCCO,24 K,,
1174,PHC3410729-CC,1,Ba0.63K0.37BiO3 single crystal,31 K,,
1175,PHC3410729-CC,2,Ba 1−x K x BiO 3 (BKBO),30 K,,
1176,PHC3410729-CC,3,Ba 0.63 K 0.37 BiO 3 single crystal,31 K,,
1177,PHC3410729-CC,3,x≈0.37,31 K,,
1178,PHC3830337-CC,15,RuSr 2 GdCu 2 O 8,42 K,,
1179,PHC2640145-CC,1,Hg0.45Pb0.30Ba1.63Sr0.50Ca1.94Cu3O8,128 K,,
1180,PHC2640145-CC,1,Hg0.42Pb0.41Ba1.19Sr1.06Ca1.97Cu3O8,125 K,,
1181,PHC2640145-CC,1,Hg0.50Pb0.50Ba0.59Sr1.24Ca1.83Cu3.34O8,116 K,,
1182,PHC2640145-CC,1,Hg0.34Pb0.54Ba0.61Sr1.17Ca1.88Cu3O8,115 K,,
1183,PHC4210001-CC,1,YBa 2 Cu 3 O y (Y-123),88 K,,
1184,PHC4210001-CC,1,Y-123,93 K,,
1185,PHC4210001-CC,3,fully oxygenated Y-123 with y > 6.99,87-89 K,,
1186,PHC4210001-CC,3,well-oxygenated polycrystal,92-93 K,,
1187,PHC4210001-CC,18,Sample A1,93 K,,
1188,PHC4210001-CC,23,Sample B1,88 K,,
1189,PHC4210001-CC,24,B2,93.5 K,,
1190,PHC4210001-CC,24,B3,93.5 K,,
1191,PHC4210001-CC,28,y = 6.99,87 K,,
1192,PHC4200023-CC,1,Sr 2 CuO 2+ Cl 2-y,30K,,
1193,PHC4200023-CC,5,"(Sr,Ca) 3 Cu 2 O 4+ Cl 2-y",80K,,
1194,PHC4200023-CC,8,Sr 2 CuO 2+ Cl 2-y,30 K,,
1195,PHC4200023-CC,14,y = 0.8,33,,
1196,PHC4200023-CC,14,1.0,20,,
1197,PHC4200023-CC,14,1.4,30K,,
1198,PHC4200023-CC,14,y=1.4,36K,,
1199,PHC4200023-CC,15,oxygen doped Cl-0201 phase Sr 2 CuO 2+ Cl 2-y,30 K,,
1200,PHC4200023-CC,16,Cl-0201 type Sr 2 CuO 2+ Cl 2-y,30 K,,
1201,PHC4200023-CC,21,Sr 2 CuO 2+ Cl 1.2,30K,,
1202,PHC4020152-CC,3,x ∼ 0.15,40 K,,
1203,PHC4020152-CC,3,x ∼ 0.40,70 K,,
1204,PHC4020152-CC,3,Hg-2212,82-84 K,,
1205,PHC4020152-CC,4,"optimally doped (Hg,Pb)-2212",82-84 K,,
1206,PHC4020152-CC,28,y = 0,0 K,,
1207,PHC4020152-CC,28,y = 1.0,42 K,,
1208,PHC4020152-CC,32,Hg 2 (Ba 0.5 Sr 0.5 ) 2 YCu 2 O 8−δ,32 K,,
1209,PHC4020152-CC,32,Hg 2 Sr 2 YCu 2 O 8−δ,42 K,,
1210,PHC4020152-CC,32,y = 0,0 K,,
1211,PHC4020152-CC,32,y = 1,42 K,,
1212,PHC4020152-CC,32,Hg 2 Ba 2 (Y 0.80 Ca 0.20 )Cu 2 O 8−δ,21 K,,
1213,PHC4020152-CC,32,y = 0,21 K,,
1214,PHC4020152-CC,32,y = 0.7-1.0,60-58 K,,
1215,PHC4170033-CC,1,x=0.60,20 K,,
1216,PHC4170033-CC,1,x = 0.80,5,,
1217,PHC4170033-CC,1,1.00,14 K,,
1218,PHC4170033-CC,1,x = 0.8,11 K,,
1219,PHC4170033-CC,1,1.00,16 K,,
1220,PHC4170033-CC,10,x = 0.60,around 20 K,,
1221,PHC4170033-CC,10,x = 0.80,5 K,,
1222,PHC4170033-CC,10,1.0,14 K,,
1223,PHC4170033-CC,11,x = 0.80,around 26 K,,
1224,PHC4170033-CC,11,x = 0.80,5 K,,
1225,PHC4170033-CC,11,x = 1.00,14 K,,
1226,PHC4170033-CC,11,x = 1.00,32 K,,
1227,PHC4170033-CC,12,x = 0.80,11 K,,
1228,PHC4170033-CC,12,1.00,16 K,,
1229,PHC3660299-CC,3,(Sr 1−x Nd x )CuO 2 film,43 K,,
1230,PHC3660299-CC,14,La-112,43 K,,
1231,PHC3660299-CC,16,La-112,42.6 K,,
1232,PHC3660299-CC,24,Sr0.9La0.1CuO2,42.6 K,,
1233,JPS0731297-CC,3,layered cobalt oxide Na z CoO 2 ⋅yH 2 O ( z~0.3 and y~1.3),~4.5 K,,
1234,JPS0731131-CC,1,Na0.35CoO2•1.3H2O single crystal,4.5 K,,resistivity
1235,JPS0731131-CC,3,Na 0.35 CoO 2 •1.3H 2 O,5 K,,
1236,JPS0731131-CC,8,single crystal of Na 0.35 CoO 2 •1.3H 2 O,4.5 K,,
1237,JPS0731131-CC,8,single crystal of Na 0.35 CoO 2 •1.3H 2 O,3.9 K,,
1238,JPS0731131-CC,8,single crystal of Na 0.35 CoO 2 •1.3H 2 O,4.5 K,,
1239,JPS0731131-CC,8,single crystal of Na 0.35 CoO 2 •1.3H 2 O,4.5 K,,
1240,JP01103169-CC,8,x=0,∼84 K,,resistivity
1241,JP01103169-CC,8,x=0,∼84 K,,resistivity
1242,JP01103169-CC,8,x=0.1,∼87 K,,
1243,JPS0722453-CC,1,Na x CoO 2 ⋅yH 2 O,4.5 K,,
1244,JPS0722453-CC,6,Na x CoO 2 ⋅yH 2 O,~4.5 K,,
1245,JPS0722453-CC,7,Na x CoO 2 ⋅yH 2 O,~4.5 K,,
1246,JPS0722453-CC,13,Na x CoO 2 ⋅yH 2 O,4.5 K,,
1247,JPS0710709-CC,2,Cd 2 Re 2 O 7,1 ∼ 2 K,,specific heat
1248,JPS0731655-CC,1,CsOs 2 O 6,3.3 K,,
1249,JPS0731655-CC,1,KOs 2 O 6,9.6 K,,
1250,JPS0731655-CC,1,RbOs 2 O 6,6.3 K,,
1251,JPS0731655-CC,3,Cd 2 Re 2 O 7,1.0 K,,
1252,JPS0731655-CC,3,RbOs 2 O 6,6.3 K,,
1253,JPS0731655-CC,3,KOs 2 O 6,9.6 K,,
1254,JPS0731655-CC,3,CsOs 2 O 6,3.3 K,,
1255,JPS0731655-CC,4,,3.4 K,,resistivity
1256,JPS0731655-CC,4,,3.2 K,,resistivity
1257,JPS0731655-CC,4,,3.3 K,,resistivity
1258,JPS0731655-CC,4,,3.3 K,,resistivity
1259,JPS0731655-CC,5,CsOs 2 O 6,3.2 K,,
1260,JPS0731655-CC,5,RbOs 2 O 6,6.3 K,,
1261,JPS0731655-CC,5,KOs 2 O 6,9.6 K,,
1262,JPS0731655-CC,5,,3.3 K,,magnetic susceptibility
1263,JPS0731655-CC,9,CsOs 2 O 6,3.3 K,,
1264,JPS0730819-CC,1,RbOs 2 O 6,6.3 K,,Resistivity
1265,JPS0730819-CC,1,RbOs 2 O 6,6.3 K,,magnetic susceptibility
1266,JPS0730819-CC,1,RbOs 2 O 6,6.3 K,,specific heat
1267,JPS0730819-CC,1,RbOs 2 O 6,6.3 K,,specific heat
1268,JPS0730819-CC,1,RbOs 2 O 6,6.3 K,,specific heat
1269,JPS0730819-CC,3,Cd 2 Re 2 O 7 (Re 5+ : 5d 2 ),1 K,,
1270,JPS0730819-CC,3,KOs 2 O 6,9.6 K,,
1271,JPS0730819-CC,3,RbOs 2 O 6,6.3 K,,
1272,JPS0730819-CC,8,RbOs 2 O 6,6.5 K,,resistivity
1273,JPS0730819-CC,8,RbOs 2 O 6,6.3 K,,resistivity
1274,JPS0730819-CC,8,RbOs 2 O 6,6.1 K,,
1275,JPS0730819-CC,8,RbOs 2 O 6,6.1 K,,
1276,JPS0730819-CC,8,RbOs 2 O 6,6.1 K,,resistivity
1277,JPS0730819-CC,9,,6.3 K,,magnetic susceptibility
1278,JPS0730819-CC,10,,5.8 K,,specific heat
1279,JPS0730819-CC,11,RbOs 2 O 6,6.3 K,,specific heat
1280,JPS0730819-CC,12,RbOs 2 O 6,6.3 K,,magnetic susceptibility
1281,JPS0731123-CC,5,La 1.64 Eu 0.2 Sr 0.16 CuO 4 single crystals,10 K,,
1282,JPS0731123-CC,9,underdoped La 2−x Sr(Ba) x CuO 4 thin films,up to 50 K,,
1283,EPL0490086-CC,1,slightly overdoped Bi 2 Sr 2 CaCu 2 O 8-x (Bi2212) single crystals,87 -90 K,,
1284,EPL0490086-CC,6,Bi 2 Sr 1.9 CaCu 1.8 O 8+x,87 -90 K,,magnetization
1285,EPL0490086-CC,7,overdoped Bi2212 single crystal,88.5 K,,
1286,EPL0490086-CC,7,overdoped Bi2212 single crystal,88 K,,
1287,EPL0490086-CC,9,Bi2223,110 K,,
1288,EPL0490086-CC,10,Bi2212,90 K,,
1289,EPL0490086-CC,10,slightly overdoped Bi2212,84 K,,
1290,JPS0732912-CC,2,Cd 2 Re 2 O 7,1.0 K,,
1291,JPS0732912-CC,2,"AOs 2 O 6 (A = K, Rb, Cs)",9.6 K,,
1292,JPS0732912-CC,2,"AOs 2 O 6 (A = K, Rb, Cs)",6.3 K,,
1293,JPS0732912-CC,2,"AOs 2 O 6 (A = K, Rb, Cs)",3.3 K,,
1294,JPS0732912-CC,2,"AOs 2 O 6 (A = K, Rb, Cs)",3.3 K,,
1295,JPS0732912-CC,2,Cd 2 Re 2 O 7,1.0 K,,diamagnetic
1296,JPS0732912-CC,2,Cd 2 Re 2 O 7,3.0 K,2 GPa,
1297,JPS0732912-CC,2,KOs 2 O 6,3.0 K,1.20 GPa,diamagnetic
1298,JPS0732912-CC,4,KOs 2 O 6,9.5 K,1.20 GPa,magnetic susceptibility
1299,JPS0732912-CC,5,KOs 2 O 6,10.0 K,0.56 GPa,magnetic susceptibility
1300,JPS0732912-CC,5,KOs 2 O 6,9.5 K,1.20 GPa,magnetic susceptibility
1301,JPS0723041-CC,1,NaxCoO2,4.7 K,,
1302,JPS0723041-CC,1,bilayer-hydrate,4.7 K,,
1303,JPS0723041-CC,3,"Na x CoO 2 ·yH 2 O (x ∼ 0.35, y ∼ 1.3)",5 K,,
1304,JPS0723041-CC,6,bilayer-hydrate Na x CoO 2 ·yH 2 O,4.7 K,,
1305,JPS0723041-CC,12,Sr 2 RuO 4,5.5 K,,
